lat,lon,rssi
15.87,108.08,-120.0
15.87,108.09,-120.0
15.87,108.10000000000001,-120.0
15.87,108.11000000000001,-120.0
15.87,108.12000000000002,-120.0
15.87,108.13000000000002,-120.0
15.87,108.14000000000003,-120.0
15.87,108.15000000000003,-120.0
15.87,108.16000000000004,-120.0
15.87,108.17000000000004,-120.0
15.87,108.18000000000005,-120.0
15.87,108.19000000000005,-120.0
15.87,108.20000000000006,-120.0
15.87,108.21000000000006,-120.0
15.87,108.22000000000007,-120.0
15.87,108.23000000000008,-120.0
15.87,108.24000000000008,-120.0
15.87,108.25000000000009,-120.0
15.87,108.26000000000009,-120.0
15.87,108.2700000000001,-120.0
15.87,108.2800000000001,-120.0
15.87,108.2900000000001,-120.0
15.87,108.30000000000011,-120.0
15.87,108.31000000000012,-120.0
15.879999999999999,108.08,-120.0
15.879999999999999,108.09,-120.0
15.879999999999999,108.10000000000001,-120.0
15.879999999999999,108.11000000000001,-120.0
15.879999999999999,108.12000000000002,-120.0
15.879999999999999,108.13000000000002,-120.0
15.879999999999999,108.14000000000003,-120.0
15.879999999999999,108.15000000000003,-120.0
15.879999999999999,108.16000000000004,-120.0
15.879999999999999,108.17000000000004,-120.0
15.879999999999999,108.18000000000005,-120.0
15.879999999999999,108.19000000000005,-120.0
15.879999999999999,108.20000000000006,-120.0
15.879999999999999,108.21000000000006,-120.0
15.879999999999999,108.22000000000007,-120.0
15.879999999999999,108.23000000000008,-120.0
15.879999999999999,108.24000000000008,-120.0
15.879999999999999,108.25000000000009,-120.0
15.879999999999999,108.26000000000009,-120.0
15.879999999999999,108.2700000000001,-120.0
15.879999999999999,108.2800000000001,-120.0
15.879999999999999,108.2900000000001,-120.0
15.879999999999999,108.30000000000011,-120.0
15.879999999999999,108.31000000000012,-118.0
15.889999999999999,108.08,-120.0
15.889999999999999,108.09,-120.0
15.889999999999999,108.10000000000001,-120.0
15.889999999999999,108.11000000000001,-120.0
15.889999999999999,108.12000000000002,-120.0
15.889999999999999,108.13000000000002,-120.0
15.889999999999999,108.14000000000003,-120.0
15.889999999999999,108.15000000000003,-120.0
15.889999999999999,108.16000000000004,-120.0
15.889999999999999,108.17000000000004,-120.0
15.889999999999999,108.18000000000005,-120.0
15.889999999999999,108.19000000000005,-120.0
15.889999999999999,108.20000000000006,-120.0
15.889999999999999,108.21000000000006,-120.0
15.889999999999999,108.22000000000007,-120.0
15.889999999999999,108.23000000000008,-120.0
15.889999999999999,108.24000000000008,-120.0
15.889999999999999,108.25000000000009,-120.0
15.889999999999999,108.26000000000009,-120.0
15.889999999999999,108.2700000000001,-120.0
15.889999999999999,108.2800000000001,-120.0
15.889999999999999,108.2900000000001,-120.0
15.889999999999999,108.30000000000011,-120.0
15.889999999999999,108.31000000000012,-120.0
15.899999999999999,108.08,-120.0
15.899999999999999,108.09,-120.0
15.899999999999999,108.10000000000001,-120.0
15.899999999999999,108.11000000000001,-120.0
15.899999999999999,108.12000000000002,-120.0
15.899999999999999,108.13000000000002,-120.0
15.899999999999999,108.14000000000003,-120.0
15.899999999999999,108.15000000000003,-120.0
15.899999999999999,108.16000000000004,-120.0
15.899999999999999,108.17000000000004,-120.0
15.899999999999999,108.18000000000005,-120.0
15.899999999999999,108.19000000000005,-120.0
15.899999999999999,108.20000000000006,-120.0
15.899999999999999,108.21000000000006,-120.0
15.899999999999999,108.22000000000007,-120.0
15.899999999999999,108.23000000000008,-120.0
15.899999999999999,108.24000000000008,-120.0
15.899999999999999,108.25000000000009,-120.0
15.899999999999999,108.26000000000009,-120.0
15.899999999999999,108.2700000000001,-120.0
15.899999999999999,108.2800000000001,-120.0
15.899999999999999,108.2900000000001,-120.0
15.899999999999999,108.30000000000011,-120.0
15.899999999999999,108.31000000000012,-120.0
15.909999999999998,108.08,-120.0
15.909999999999998,108.09,-120.0
15.909999999999998,108.10000000000001,-120.0
15.909999999999998,108.11000000000001,-120.0
15.909999999999998,108.12000000000002,-120.0
15.909999999999998,108.13000000000002,-120.0
15.909999999999998,108.14000000000003,-120.0
15.909999999999998,108.15000000000003,-120.0
15.909999999999998,108.16000000000004,-120.0
15.909999999999998,108.17000000000004,-120.0
15.909999999999998,108.18000000000005,-120.0
15.909999999999998,108.19000000000005,-120.0
15.909999999999998,108.20000000000006,-120.0
15.909999999999998,108.21000000000006,-120.0
15.909999999999998,108.22000000000007,-120.0
15.909999999999998,108.23000000000008,-120.0
15.909999999999998,108.24000000000008,-120.0
15.909999999999998,108.25000000000009,-120.0
15.909999999999998,108.26000000000009,-120.0
15.909999999999998,108.2700000000001,-120.0
15.909999999999998,108.2800000000001,-120.0
15.909999999999998,108.2900000000001,-120.0
15.909999999999998,108.30000000000011,-120.0
15.909999999999998,108.31000000000012,-120.0
15.919999999999998,108.08,-120.0
15.919999999999998,108.09,-120.0
15.919999999999998,108.10000000000001,-120.0
15.919999999999998,108.11000000000001,-120.0
15.919999999999998,108.12000000000002,-120.0
15.919999999999998,108.13000000000002,-120.0
15.919999999999998,108.14000000000003,-120.0
15.919999999999998,108.15000000000003,-120.0
15.919999999999998,108.16000000000004,-120.0
15.919999999999998,108.17000000000004,-120.0
15.919999999999998,108.18000000000005,-120.0
15.919999999999998,108.19000000000005,-120.0
15.919999999999998,108.20000000000006,-120.0
15.919999999999998,108.21000000000006,-120.0
15.919999999999998,108.22000000000007,-120.0
15.919999999999998,108.23000000000008,-120.0
15.919999999999998,108.24000000000008,-120.0
15.919999999999998,108.25000000000009,-120.0
15.919999999999998,108.26000000000009,-120.0
15.919999999999998,108.2700000000001,-120.0
15.919999999999998,108.2800000000001,-120.0
15.919999999999998,108.2900000000001,-120.0
15.919999999999998,108.30000000000011,-120.0
15.919999999999998,108.31000000000012,-120.0
15.929999999999998,108.08,-120.0
15.929999999999998,108.09,-120.0
15.929999999999998,108.10000000000001,-120.0
15.929999999999998,108.11000000000001,-120.0
15.929999999999998,108.12000000000002,-120.0
15.929999999999998,108.13000000000002,-120.0
15.929999999999998,108.14000000000003,-120.0
15.929999999999998,108.15000000000003,-120.0
15.929999999999998,108.16000000000004,-120.0
15.929999999999998,108.17000000000004,-120.0
15.929999999999998,108.18000000000005,-120.0
15.929999999999998,108.19000000000005,-120.0
15.929999999999998,108.20000000000006,-120.0
15.929999999999998,108.21000000000006,-120.0
15.929999999999998,108.22000000000007,-120.0
15.929999999999998,108.23000000000008,-120.0
15.929999999999998,108.24000000000008,-120.0
15.929999999999998,108.25000000000009,-120.0
15.929999999999998,108.26000000000009,-120.0
15.929999999999998,108.2700000000001,-120.0
15.929999999999998,108.2800000000001,-120.0
15.929999999999998,108.2900000000001,-120.0
15.929999999999998,108.30000000000011,-120.0
15.929999999999998,108.31000000000012,-120.0
15.939999999999998,108.08,-120.0
15.939999999999998,108.09,-120.0
15.939999999999998,108.10000000000001,-120.0
15.939999999999998,108.11000000000001,-120.0
15.939999999999998,108.12000000000002,-120.0
15.939999999999998,108.13000000000002,-120.0
15.939999999999998,108.14000000000003,-120.0
15.939999999999998,108.15000000000003,-120.0
15.939999999999998,108.16000000000004,-120.0
15.939999999999998,108.17000000000004,-120.0
15.939999999999998,108.18000000000005,-120.0
15.939999999999998,108.19000000000005,-120.0
15.939999999999998,108.20000000000006,-120.0
15.939999999999998,108.21000000000006,-120.0
15.939999999999998,108.22000000000007,-120.0
15.939999999999998,108.23000000000008,-120.0
15.939999999999998,108.24000000000008,-120.0
15.939999999999998,108.25000000000009,-120.0
15.939999999999998,108.26000000000009,-120.0
15.939999999999998,108.2700000000001,-120.0
15.939999999999998,108.2800000000001,-120.0
15.939999999999998,108.2900000000001,-120.0
15.939999999999998,108.30000000000011,-120.0
15.939999999999998,108.31000000000012,-120.0
15.949999999999998,108.08,-120.0
15.949999999999998,108.09,-120.0
15.949999999999998,108.10000000000001,-120.0
15.949999999999998,108.11000000000001,-120.0
15.949999999999998,108.12000000000002,-120.0
15.949999999999998,108.13000000000002,-120.0
15.949999999999998,108.14000000000003,-120.0
15.949999999999998,108.15000000000003,-120.0
15.949999999999998,108.16000000000004,-120.0
15.949999999999998,108.17000000000004,-120.0
15.949999999999998,108.18000000000005,-120.0
15.949999999999998,108.19000000000005,-120.0
15.949999999999998,108.20000000000006,-120.0
15.949999999999998,108.21000000000006,-120.0
15.949999999999998,108.22000000000007,-120.0
15.949999999999998,108.23000000000008,-120.0
15.949999999999998,108.24000000000008,-120.0
15.949999999999998,108.25000000000009,-116.31536753368374
15.949999999999998,108.26000000000009,-115.94958215376394
15.949999999999998,108.2700000000001,-116.22884639196803
15.949999999999998,108.2800000000001,-116.47804139584372
15.949999999999998,108.2900000000001,-116.31003516229636
15.949999999999998,108.30000000000011,-116.77604467022444
15.949999999999998,108.31000000000012,-117.04148635046957
15.959999999999997,108.08,-120.0
15.959999999999997,108.09,-120.0
15.959999999999997,108.10000000000001,-120.0
15.959999999999997,108.11000000000001,-120.0
15.959999999999997,108.12000000000002,-120.0
15.959999999999997,108.13000000000002,-120.0
15.959999999999997,108.14000000000003,-120.0
15.959999999999997,108.15000000000003,-120.0
15.959999999999997,108.16000000000004,-120.0
15.959999999999997,108.17000000000004,-120.0
15.959999999999997,108.18000000000005,-120.0
15.959999999999997,108.19000000000005,-115.88769779836166
15.959999999999997,108.20000000000006,-120.0
15.959999999999997,108.21000000000006,-115.66187564824158
15.959999999999997,108.22000000000007,-120.0
15.959999999999997,108.23000000000008,-120.0
15.959999999999997,108.24000000000008,-120.0
15.959999999999997,108.25000000000009,-115.55615110790332
15.959999999999997,108.26000000000009,-115.6751963457529
15.959999999999997,108.2700000000001,-115.5826830637286
15.959999999999997,108.2800000000001,-115.93404275662888
15.959999999999997,108.2900000000001,-115.94387568913093
15.959999999999997,108.30000000000011,-115.61274582178888
15.959999999999997,108.31000000000012,-116.0095610239869
15.969999999999997,108.08,-120.0
15.969999999999997,108.09,-120.0
15.969999999999997,108.10000000000001,-120.0
15.969999999999997,108.11000000000001,-120.0
15.969999999999997,108.12000000000002,-120.0
15.969999999999997,108.13000000000002,-120.0
15.969999999999997,108.14000000000003,-120.0
15.969999999999997,108.15000000000003,-120.0
15.969999999999997,108.16000000000004,-120.0
15.969999999999997,108.17000000000004,-120.0
15.969999999999997,108.18000000000005,-115.7910756594625
15.969999999999997,108.19000000000005,-115.3999781275633
15.969999999999997,108.20000000000006,-115.46217547902714
15.969999999999997,108.21000000000006,-114.94962854545449
15.969999999999997,108.22000000000007,-115.27386969240409
15.969999999999997,108.23000000000008,-114.6485830223658
15.969999999999997,108.24000000000008,-120.0
15.969999999999997,108.25000000000009,-116.91929710064701
15.969999999999997,108.26000000000009,-117.10547738178512
15.969999999999997,108.2700000000001,-116.6935301368305
15.969999999999997,108.2800000000001,-117.3700094950635
15.969999999999997,108.2900000000001,-116.5897345550237
15.969999999999997,108.30000000000011,-116.5973501170512
15.969999999999997,108.31000000000012,-116.92795963529005
15.979999999999997,108.08,-120.0
15.979999999999997,108.09,-120.0
15.979999999999997,108.10000000000001,-120.0
15.979999999999997,108.11000000000001,-120.0
15.979999999999997,108.12000000000002,-120.0
15.979999999999997,108.13000000000002,-120.0
15.979999999999997,108.14000000000003,-120.0
15.979999999999997,108.15000000000003,-120.0
15.979999999999997,108.16000000000004,-116.3065009984928
15.979999999999997,108.17000000000004,-115.76350584542283
15.979999999999997,108.18000000000005,-115.55816899373053
15.979999999999997,108.19000000000005,-120.0
15.979999999999997,108.20000000000006,-115.32350315368501
15.979999999999997,108.21000000000006,-115.31587068899103
15.979999999999997,108.22000000000007,-114.5030538019492
15.979999999999997,108.23000000000008,-120.0
15.979999999999997,108.24000000000008,-112.97212789406993
15.979999999999997,108.25000000000009,-120.0
15.979999999999997,108.26000000000009,-115.73207284600545
15.979999999999997,108.2700000000001,-116.06796210954015
15.979999999999997,108.2800000000001,-120.0
15.979999999999997,108.2900000000001,-120.0
15.979999999999997,108.30000000000011,-120.0
15.979999999999997,108.31000000000012,-120.0
15.989999999999997,108.08,-120.0
15.989999999999997,108.09,-120.0
15.989999999999997,108.10000000000001,-120.0
15.989999999999997,108.11000000000001,-120.0
15.989999999999997,108.12000000000002,-120.0
15.989999999999997,108.13000000000002,-120.0
15.989999999999997,108.14000000000003,-120.0
15.989999999999997,108.15000000000003,-116.20801170204719
15.989999999999997,108.16000000000004,-116.16571038038053
15.989999999999997,108.17000000000004,-115.84589917315857
15.989999999999997,108.18000000000005,-115.69826149088978
15.989999999999997,108.19000000000005,-115.9146843320356
15.989999999999997,108.20000000000006,-112.09630545604871
15.989999999999997,108.21000000000006,-114.61413784210042
15.989999999999997,108.22000000000007,-113.76620922291437
15.989999999999997,108.23000000000008,-115.08475286571385
15.989999999999997,108.24000000000008,-115.58923772130166
15.989999999999997,108.25000000000009,-112.00924818340593
15.989999999999997,108.26000000000009,-115.12690588631774
15.989999999999997,108.2700000000001,-115.31388683243492
15.989999999999997,108.2800000000001,-115.44538597859409
15.989999999999997,108.2900000000001,-120.0
15.989999999999997,108.30000000000011,-120.0
15.989999999999997,108.31000000000012,-120.0
15.999999999999996,108.08,-120.0
15.999999999999996,108.09,-120.0
15.999999999999996,108.10000000000001,-120.0
15.999999999999996,108.11000000000001,-120.0
15.999999999999996,108.12000000000002,-120.0
15.999999999999996,108.13000000000002,-120.0
15.999999999999996,108.14000000000003,-115.35082763757539
15.999999999999996,108.15000000000003,-116.77980401971747
15.999999999999996,108.16000000000004,-116.9500122003124
15.999999999999996,108.17000000000004,-116.89473862611102
15.999999999999996,108.18000000000005,-115.78487299473126
15.999999999999996,108.19000000000005,-115.10471480310511
15.999999999999996,108.20000000000006,-114.46921791269594
15.999999999999996,108.21000000000006,-111.9312375564005
15.999999999999996,108.22000000000007,-114.27155013729079
15.999999999999996,108.23000000000008,-105.0
15.999999999999996,108.24000000000008,-114.76523815158374
15.999999999999996,108.25000000000009,-115.03213480008343
15.999999999999996,108.26000000000009,-115.82817393239603
15.999999999999996,108.2700000000001,-115.47217303564481
15.999999999999996,108.2800000000001,-115.29952787899374
15.999999999999996,108.2900000000001,-115.35172523651988
15.999999999999996,108.30000000000011,-115.35675062049263
15.999999999999996,108.31000000000012,-115.36862242772403
16.009999999999998,108.08,-120.0
16.009999999999998,108.09,-120.0
16.009999999999998,108.10000000000001,-120.0
16.009999999999998,108.11000000000001,-120.0
16.009999999999998,108.12000000000002,-120.0
16.009999999999998,108.13000000000002,-114.8846589540837
16.009999999999998,108.14000000000003,-116.5940665394603
16.009999999999998,108.15000000000003,-114.32558128691207
16.009999999999998,108.16000000000004,-112.20220666449313
16.009999999999998,108.17000000000004,-112.06825659140802
16.009999999999998,108.18000000000005,-116.56772432934255
16.009999999999998,108.19000000000005,-115.3887933635368
16.009999999999998,108.20000000000006,-114.90277755205388
16.009999999999998,108.21000000000006,-114.02290953878712
16.009999999999998,108.22000000000007,-114.64308295836135
16.009999999999998,108.23000000000008,-114.01621272257681
16.009999999999998,108.24000000000008,-114.02485096489355
16.009999999999998,108.25000000000009,-114.04341150953125
16.009999999999998,108.26000000000009,-115.83882543876389
16.009999999999998,108.2700000000001,-115.01395103100954
16.009999999999998,108.2800000000001,-115.02426481671056
16.009999999999998,108.2900000000001,-115.02889329138536
16.009999999999998,108.30000000000011,-115.21121065724003
16.009999999999998,108.31000000000012,-115.3016965302713
16.019999999999996,108.08,-120.0
16.019999999999996,108.09,-120.0
16.019999999999996,108.10000000000001,-118.0
16.019999999999996,108.11000000000001,-120.0
16.019999999999996,108.12000000000002,-115.15434829509296
16.019999999999996,108.13000000000002,-115.13912928730355
16.019999999999996,108.14000000000003,-114.98452907403963
16.019999999999996,108.15000000000003,-120.0
16.019999999999996,108.16000000000004,-111.97983432401827
16.019999999999996,108.17000000000004,-116.0356060525286
16.019999999999996,108.18000000000005,-112.12462031551321
16.019999999999996,108.19000000000005,-115.3066997065122
16.019999999999996,108.20000000000006,-115.955018683984
16.019999999999996,108.21000000000006,-114.07321027551659
16.019999999999996,108.22000000000007,-126.47957201252851
16.019999999999996,108.23000000000008,-124.56041511387168
16.019999999999996,108.24000000000008,-124.92347266742921
16.019999999999996,108.25000000000009,-124.59745423287231
16.019999999999996,108.26000000000009,-124.10893361673634
16.019999999999996,108.2700000000001,-124.82966844508154
16.019999999999996,108.2800000000001,-120.0
16.019999999999996,108.2900000000001,-120.0
16.019999999999996,108.30000000000011,-114.36578314556118
16.019999999999996,108.31000000000012,-114.96235834490201
16.029999999999994,108.08,-120.0
16.029999999999994,108.09,-120.0
16.029999999999994,108.10000000000001,-120.0
16.029999999999994,108.11000000000001,-120.0
16.029999999999994,108.12000000000002,-115.19273887133204
16.029999999999994,108.13000000000002,-116.58350683470995
16.029999999999994,108.14000000000003,-112.31407149889557
16.029999999999994,108.15000000000003,-112.54322271539034
16.029999999999994,108.16000000000004,-112.18040409300069
16.029999999999994,108.17000000000004,-112.02352116417377
16.029999999999994,108.18000000000005,-111.45409263854023
16.029999999999994,108.19000000000005,-113.0
16.029999999999994,108.20000000000006,-114.30966897836376
16.029999999999994,108.21000000000006,-126.4162106227106
16.029999999999994,108.22000000000007,-125.46587459032193
16.029999999999994,108.23000000000008,-123.07058549050352
16.029999999999994,108.24000000000008,-125.95579451834709
16.029999999999994,108.25000000000009,-124.85687317717587
16.029999999999994,108.26000000000009,-124.90571181716838
16.029999999999994,108.2700000000001,-125.0287306896003
16.029999999999994,108.2800000000001,-120.0
16.029999999999994,108.2900000000001,-120.0
16.029999999999994,108.30000000000011,-120.0
16.029999999999994,108.31000000000012,-120.0
16.039999999999996,108.08,-120.0
16.039999999999996,108.09,-120.0
16.039999999999996,108.10000000000001,-120.0
16.039999999999996,108.11000000000001,-114.4561330867023
16.039999999999996,108.12000000000002,-116.4118114279704
16.039999999999996,108.13000000000002,-114.2726205323832
16.039999999999996,108.14000000000003,-111.39039503635395
16.039999999999996,108.15000000000003,-116.46068396078306
16.039999999999996,108.16000000000004,-115.88909310696828
16.039999999999996,108.17000000000004,-111.6134212770915
16.039999999999996,108.18000000000005,-110.74260222433381
16.039999999999996,108.19000000000005,-116.14691597584407
16.039999999999996,108.20000000000006,-114.788985637827
16.039999999999996,108.21000000000006,-124.33403477199123
16.039999999999996,108.22000000000007,-123.30628942425093
16.039999999999996,108.23000000000008,-122.72165997770335
16.039999999999996,108.24000000000008,-126.2053416232889
16.039999999999996,108.25000000000009,-125.55511843711832
16.039999999999996,108.26000000000009,-125.16960850984765
16.039999999999996,108.2700000000001,-125.02227703455964
16.039999999999996,108.2800000000001,-124.90540401868665
16.039999999999996,108.2900000000001,-120.0
16.039999999999996,108.30000000000011,-120.0
16.039999999999996,108.31000000000012,-120.0
16.049999999999997,108.08,-120.0
16.049999999999997,108.09,-120.0
16.049999999999997,108.10000000000001,-120.0
16.049999999999997,108.11000000000001,-116.89917270284595
16.049999999999997,108.12000000000002,-116.75539827702211
16.049999999999997,108.13000000000002,-120.0
16.049999999999997,108.14000000000003,-112.47095775091903
16.049999999999997,108.15000000000003,-115.0
16.049999999999997,108.16000000000004,-110.89831392889428
16.049999999999997,108.17000000000004,-112.10088381010272
16.049999999999997,108.18000000000005,-114.2872915256297
16.049999999999997,108.19000000000005,-113.94859772458904
16.049999999999997,108.20000000000006,-127.20520512820504
16.049999999999997,108.21000000000006,-126.52727960927953
16.049999999999997,108.22000000000007,-117.70494649252413
16.049999999999997,108.23000000000008,-132.0
16.049999999999997,108.24000000000008,-126.76215506715482
16.049999999999997,108.25000000000009,-124.91832717524018
16.049999999999997,108.26000000000009,-124.91496878483834
16.049999999999997,108.2700000000001,-124.93757012793971
16.049999999999997,108.2800000000001,-124.7819883208579
16.049999999999997,108.2900000000001,-120.0
16.049999999999997,108.30000000000011,-120.0
16.049999999999997,108.31000000000012,-120.0
16.059999999999995,108.08,-120.0
16.059999999999995,108.09,-120.0
16.059999999999995,108.10000000000001,-115.1725791606398
16.059999999999995,108.11000000000001,-115.98599141665353
16.059999999999995,108.12000000000002,-120.0
16.059999999999995,108.13000000000002,-115.93321911024843
16.059999999999995,108.14000000000003,-117.31113873790936
16.059999999999995,108.15000000000003,-116.03041497008526
16.059999999999995,108.16000000000004,-116.018839532244
16.059999999999995,108.17000000000004,-110.5672276794335
16.059999999999995,108.18000000000005,-120.0
16.059999999999995,108.19000000000005,-110.10423064478586
16.059999999999995,108.20000000000006,-126.55468803418793
16.059999999999995,108.21000000000006,-123.64530111091554
16.059999999999995,108.22000000000007,-117.19097924571624
16.059999999999995,108.23000000000008,-106.91872088402123
16.059999999999995,108.24000000000008,-124.11640966632771
16.059999999999995,108.25000000000009,-124.72989557785208
16.059999999999995,108.26000000000009,-124.88952739289695
16.059999999999995,108.2700000000001,-124.92680578117536
16.059999999999995,108.2800000000001,-111.6945904736436
16.059999999999995,108.2900000000001,-112.07323213328412
16.059999999999995,108.30000000000011,-120.0
16.059999999999995,108.31000000000012,-120.0
16.069999999999993,108.08,-120.0
16.069999999999993,108.09,-120.0
16.069999999999993,108.10000000000001,-120.0
16.069999999999993,108.11000000000001,-120.0
16.069999999999993,108.12000000000002,-120.0
16.069999999999993,108.13000000000002,-120.0
16.069999999999993,108.14000000000003,-111.47254845397784
16.069999999999993,108.15000000000003,-117.0
16.069999999999993,108.16000000000004,-106.0
16.069999999999993,108.17000000000004,-115.30247012022974
16.069999999999993,108.18000000000005,-112.0
16.069999999999993,108.19000000000005,-115.13342585984147
16.069999999999993,108.20000000000006,-108.99659065678526
16.069999999999993,108.21000000000006,-107.34843787135293
16.069999999999993,108.22000000000007,-100.10747889346246
16.069999999999993,108.23000000000008,-103.19259108779605
16.069999999999993,108.24000000000008,-107.05997370194926
16.069999999999993,108.25000000000009,-124.69435223230874
16.069999999999993,108.26000000000009,-110.06607610748821
16.069999999999993,108.2700000000001,-109.89176254663214
16.069999999999993,108.2800000000001,-111.83860235408287
16.069999999999993,108.2900000000001,-111.95548830535033
16.069999999999993,108.30000000000011,-120.0
16.069999999999993,108.31000000000012,-120.0
16.079999999999995,108.08,-120.0
16.079999999999995,108.09,-120.0
16.079999999999995,108.10000000000001,-120.0
16.079999999999995,108.11000000000001,-120.0
16.079999999999995,108.12000000000002,-120.0
16.079999999999995,108.13000000000002,-120.0
16.079999999999995,108.14000000000003,-114.54416165808594
16.079999999999995,108.15000000000003,-116.9001833705194
16.079999999999995,108.16000000000004,-120.0
16.079999999999995,108.17000000000004,-113.0
16.079999999999995,108.18000000000005,-101.39896641571305
16.079999999999995,108.19000000000005,-106.02120328602787
16.079999999999995,108.20000000000006,-108.65665950654335
16.079999999999995,108.21000000000006,-107.69307940066163
16.079999999999995,108.22000000000007,-104.37273601393542
16.079999999999995,108.23000000000008,-108.24615294538756
16.079999999999995,108.24000000000008,-110.21740752026766
16.079999999999995,108.25000000000009,-111.05446850644326
16.079999999999995,108.26000000000009,-109.78789451806318
16.079999999999995,108.2700000000001,-110.16254747356692
16.079999999999995,108.2800000000001,-111.41201797426699
16.079999999999995,108.2900000000001,-111.72600057848207
16.079999999999995,108.30000000000011,-120.0
16.079999999999995,108.31000000000012,-120.0
16.089999999999996,108.08,-120.0
16.089999999999996,108.09,-120.0
16.089999999999996,108.10000000000001,-115.83851940345512
16.089999999999996,108.11000000000001,-116.18472975682556
16.089999999999996,108.12000000000002,-114.40650344875876
16.089999999999996,108.13000000000002,-114.28606111370473
16.089999999999996,108.14000000000003,-115.48936063763568
16.089999999999996,108.15000000000003,-111.16911342916352
16.089999999999996,108.16000000000004,-103.91486897573903
16.089999999999996,108.17000000000004,-120.0
16.089999999999996,108.18000000000005,-108.28643223220321
16.089999999999996,108.19000000000005,-108.700702246471
16.089999999999996,108.20000000000006,-107.81290446624158
16.089999999999996,108.21000000000006,-106.7721613764517
16.089999999999996,108.22000000000007,-102.18052523219126
16.089999999999996,108.23000000000008,-114.36399480199903
16.089999999999996,108.24000000000008,-109.89320401282565
16.089999999999996,108.25000000000009,-111.68075359447258
16.089999999999996,108.26000000000009,-110.23000567351359
16.089999999999996,108.2700000000001,-108.38547019928224
16.089999999999996,108.2800000000001,-111.21383542536093
16.089999999999996,108.2900000000001,-111.72435089233939
16.089999999999996,108.30000000000011,-111.41916839316887
16.089999999999996,108.31000000000012,-110.86079095412708
16.099999999999994,108.08,-120.0
16.099999999999994,108.09,-115.27792645452699
16.099999999999994,108.10000000000001,-114.38116629732518
16.099999999999994,108.11000000000001,-114.21793402246868
16.099999999999994,108.12000000000002,-120.0
16.099999999999994,108.13000000000002,-115.28401590075808
16.099999999999994,108.14000000000003,-111.06227402153658
16.099999999999994,108.15000000000003,-111.73901688851574
16.099999999999994,108.16000000000004,-111.29611615842717
16.099999999999994,108.17000000000004,-108.22284166283094
16.099999999999994,108.18000000000005,-107.91812399412463
16.099999999999994,108.19000000000005,-113.26587573301929
16.099999999999994,108.20000000000006,-112.80236089549282
16.099999999999994,108.21000000000006,-112.12640748536664
16.099999999999994,108.22000000000007,-112.09332993229074
16.099999999999994,108.23000000000008,-105.0
16.099999999999994,108.24000000000008,-110.40718231649812
16.099999999999994,108.25000000000009,-110.48742053047182
16.099999999999994,108.26000000000009,-110.0080389758262
16.099999999999994,108.2700000000001,-105.0
16.099999999999994,108.2800000000001,-112.0
16.099999999999994,108.2900000000001,-112.67442084438066
16.099999999999994,108.30000000000011,-109.84592467121772
16.099999999999994,108.31000000000012,-109.18396282855703
16.109999999999992,108.08,-120.0
16.109999999999992,108.09,-114.37740852990817
16.109999999999992,108.10000000000001,-114.24366433725612
16.109999999999992,108.11000000000001,-113.80376048582123
16.109999999999992,108.12000000000002,-113.5174633440001
16.109999999999992,108.13000000000002,-111.0
16.109999999999992,108.14000000000003,-118.78306814094171
16.109999999999992,108.15000000000003,-114.7775000535172
16.109999999999992,108.16000000000004,-111.14230513958427
16.109999999999992,108.17000000000004,-109.59413375726292
16.109999999999992,108.18000000000005,-108.599905086988
16.109999999999992,108.19000000000005,-112.65603141825612
16.109999999999992,108.20000000000006,-112.67957923183879
16.109999999999992,108.21000000000006,-112.99241224790953
16.109999999999992,108.22000000000007,-113.64816330891335
16.109999999999992,108.23000000000008,-110.5487155684216
16.109999999999992,108.24000000000008,-109.98244678556026
16.109999999999992,108.25000000000009,-108.68702309649802
16.109999999999992,108.26000000000009,-108.93722453198964
16.109999999999992,108.2700000000001,-110.72735210763382
16.109999999999992,108.2800000000001,-120.0
16.109999999999992,108.2900000000001,-120.0
16.109999999999992,108.30000000000011,-110.6830301823009
16.109999999999992,108.31000000000012,-110.29568690710998
16.119999999999994,108.08,-120.0
16.119999999999994,108.09,-114.30535926026755
16.119999999999994,108.10000000000001,-114.67993436888996
16.119999999999994,108.11000000000001,-114.59111291597586
16.119999999999994,108.12000000000002,-113.89431545630127
16.119999999999994,108.13000000000002,-114.06136590067277
16.119999999999994,108.14000000000003,-116.48428576836284
16.119999999999994,108.15000000000003,-116.66126031860301
16.119999999999994,108.16000000000004,-117.17104511938828
16.119999999999994,108.17000000000004,-110.78934677653277
16.119999999999994,108.18000000000005,-108.10506962205172
16.119999999999994,108.19000000000005,-112.72089192804954
16.119999999999994,108.20000000000006,-113.18987478986156
16.119999999999994,108.21000000000006,-113.5286648036764
16.119999999999994,108.22000000000007,-112.87827014168991
16.119999999999994,108.23000000000008,-110.38646864873839
16.119999999999994,108.24000000000008,-111.63385890015645
16.119999999999994,108.25000000000009,-110.73736157894095
16.119999999999994,108.26000000000009,-111.68814052929866
16.119999999999994,108.2700000000001,-111.10956794997975
16.119999999999994,108.2800000000001,-120.0
16.119999999999994,108.2900000000001,-120.0
16.119999999999994,108.30000000000011,-111.53600659771827
16.119999999999994,108.31000000000012,-120.0
