lat,lon,rssi,ood
15.87,108.08,-120.0,0
15.87,108.085,-120.0,0
15.87,108.09,-120.0,0
15.87,108.095,-120.0,0
15.87,108.1,-120.0,0
15.87,108.105,-120.0,0
15.87,108.11,-120.0,0
15.87,108.115,-120.0,0
15.87,108.12,-120.0,0
15.87,108.125,-120.0,0
15.87,108.13,-120.0,0
15.87,108.135,-120.0,0
15.87,108.14,-120.0,0
15.87,108.145,-120.0,0
15.87,108.15,-120.0,0
15.87,108.155,-120.0,0
15.87,108.16,-120.0,0
15.87,108.165,-120.0,0
15.87,108.17,-120.0,0
15.87,108.175,-120.0,0
15.87,108.18,-120.0,0
15.87,108.185,-120.0,0
15.87,108.19,-120.0,0
15.87,108.195,-120.0,0
15.87,108.2,-120.0,0
15.87,108.205,-120.0,0
15.87,108.21,-120.0,0
15.87,108.215,-120.0,0
15.87,108.22,-120.0,0
15.87,108.225,-120.0,0
15.87,108.23,-120.0,0
15.87,108.235,-120.0,0
15.87,108.24,-120.0,0
15.87,108.245,-120.0,0
15.87,108.25,-120.0,0
15.87,108.255,-120.0,0
15.87,108.26,-120.0,0
15.87,108.265,-120.0,0
15.87,108.27,-120.0,0
15.87,108.275,-120.0,0
15.87,108.28,-120.0,0
15.87,108.285,-120.0,0
15.87,108.29,-120.0,0
15.87,108.295,-120.0,0
15.87,108.3,-120.0,0
15.87,108.305,-120.0,0
15.87,108.31,-120.0,0
15.87,108.315,-120.0,0
15.875,108.08,-120.0,0
15.875,108.085,-120.0,0
15.875,108.09,-120.0,0
15.875,108.095,-120.0,0
15.875,108.1,-120.0,0
15.875,108.105,-120.0,0
15.875,108.11,-120.0,0
15.875,108.115,-120.0,0
15.875,108.12,-120.0,0
15.875,108.125,-120.0,0
15.875,108.13,-120.0,0
15.875,108.135,-120.0,0
15.875,108.14,-120.0,0
15.875,108.145,-120.0,0
15.875,108.15,-120.0,0
15.875,108.155,-120.0,0
15.875,108.16,-120.0,0
15.875,108.165,-120.0,0
15.875,108.17,-120.0,0
15.875,108.175,-120.0,0
15.875,108.18,-120.0,0
15.875,108.185,-120.0,0
15.875,108.19,-120.0,0
15.875,108.195,-120.0,0
15.875,108.2,-120.0,0
15.875,108.205,-120.0,0
15.875,108.21,-120.0,0
15.875,108.215,-120.0,0
15.875,108.22,-120.0,0
15.875,108.225,-120.0,0
15.875,108.23,-120.0,0
15.875,108.235,-120.0,0
15.875,108.24,-120.0,0
15.875,108.245,-120.0,0
15.875,108.25,-120.0,0
15.875,108.255,-120.0,0
15.875,108.26,-120.0,0
15.875,108.265,-120.0,0
15.875,108.27,-120.0,0
15.875,108.275,-120.0,0
15.875,108.28,-120.0,0
15.875,108.285,-120.0,0
15.875,108.29,-120.0,0
15.875,108.295,-120.0,0
15.875,108.3,-120.0,0
15.875,108.305,-120.0,0
15.875,108.31,-120.0,0
15.875,108.315,-120.0,0
15.88,108.08,-120.0,0
15.88,108.085,-120.0,0
15.88,108.09,-120.0,0
15.88,108.095,-120.0,0
15.88,108.1,-120.0,0
15.88,108.105,-120.0,0
15.88,108.11,-120.0,0
15.88,108.115,-120.0,0
15.88,108.12,-120.0,0
15.88,108.125,-120.0,0
15.88,108.13,-120.0,0
15.88,108.135,-120.0,0
15.88,108.14,-120.0,0
15.88,108.145,-120.0,0
15.88,108.15,-120.0,0
15.88,108.155,-120.0,0
15.88,108.16,-120.0,0
15.88,108.165,-120.0,0
15.88,108.17,-120.0,0
15.88,108.175,-120.0,0
15.88,108.18,-120.0,0
15.88,108.185,-120.0,0
15.88,108.19,-120.0,0
15.88,108.195,-120.0,0
15.88,108.2,-120.0,0
15.88,108.205,-120.0,0
15.88,108.21,-120.0,0
15.88,108.215,-120.0,0
15.88,108.22,-120.0,0
15.88,108.225,-120.0,0
15.88,108.23,-120.0,0
15.88,108.235,-120.0,0
15.88,108.24,-120.0,0
15.88,108.245,-120.0,0
15.88,108.25,-120.0,0
15.88,108.255,-120.0,0
15.88,108.26,-120.0,0
15.88,108.265,-120.0,0
15.88,108.27,-120.0,0
15.88,108.275,-120.0,0
15.88,108.28,-120.0,0
15.88,108.285,-120.0,0
15.88,108.29,-120.0,0
15.88,108.295,-120.0,0
15.88,108.3,-120.0,0
15.88,108.305,-120.0,0
15.88,108.31,-120.0,0
15.88,108.315,-120.0,0
15.885,108.08,-120.0,0
15.885,108.085,-120.0,0
15.885,108.09,-120.0,0
15.885,108.095,-120.0,0
15.885,108.1,-120.0,0
15.885,108.105,-120.0,0
15.885,108.11,-120.0,0
15.885,108.115,-120.0,0
15.885,108.12,-120.0,0
15.885,108.125,-120.0,0
15.885,108.13,-120.0,0
15.885,108.135,-120.0,0
15.885,108.14,-120.0,0
15.885,108.145,-120.0,0
15.885,108.15,-120.0,0
15.885,108.155,-120.0,0
15.885,108.16,-120.0,0
15.885,108.165,-120.0,0
15.885,108.17,-120.0,0
15.885,108.175,-120.0,0
15.885,108.18,-120.0,0
15.885,108.185,-120.0,0
15.885,108.19,-120.0,0
15.885,108.195,-120.0,0
15.885,108.2,-120.0,0
15.885,108.205,-120.0,0
15.885,108.21,-120.0,0
15.885,108.215,-120.0,0
15.885,108.22,-120.0,0
15.885,108.225,-120.0,0
15.885,108.23,-120.0,0
15.885,108.235,-120.0,0
15.885,108.24,-120.0,0
15.885,108.245,-120.0,0
15.885,108.25,-120.0,0
15.885,108.255,-120.0,0
15.885,108.26,-120.0,0
15.885,108.265,-120.0,0
15.885,108.27,-120.0,0
15.885,108.275,-120.0,0
15.885,108.28,-120.0,0
15.885,108.285,-120.0,0
15.885,108.29,-120.0,0
15.885,108.295,-120.0,0
15.885,108.3,-120.0,0
15.885,108.305,-120.0,0
15.885,108.31,-120.0,0
15.885,108.315,-120.0,0
15.89,108.08,-120.0,0
15.89,108.085,-120.0,0
15.89,108.09,-120.0,0
15.89,108.095,-120.0,0
15.89,108.1,-120.0,0
15.89,108.105,-120.0,0
15.89,108.11,-120.0,0
15.89,108.115,-120.0,0
15.89,108.12,-120.0,0
15.89,108.125,-120.0,0
15.89,108.13,-120.0,0
15.89,108.135,-120.0,0
15.89,108.14,-120.0,0
15.89,108.145,-120.0,0
15.89,108.15,-120.0,0
15.89,108.155,-120.0,0
15.89,108.16,-120.0,0
15.89,108.165,-120.0,0
15.89,108.17,-120.0,0
15.89,108.175,-120.0,0
15.89,108.18,-120.0,0
15.89,108.185,-120.0,0
15.89,108.19,-120.0,0
15.89,108.195,-120.0,0
15.89,108.2,-120.0,0
15.89,108.205,-120.0,0
15.89,108.21,-120.0,0
15.89,108.215,-120.0,0
15.89,108.22,-120.0,0
15.89,108.225,-120.0,0
15.89,108.23,-120.0,0
15.89,108.235,-120.0,0
15.89,108.24,-120.0,0
15.89,108.245,-120.0,0
15.89,108.25,-120.0,0
15.89,108.255,-120.0,0
15.89,108.26,-120.0,0
15.89,108.265,-120.0,0
15.89,108.27,-120.0,0
15.89,108.275,-120.0,0
15.89,108.28,-120.0,0
15.89,108.285,-120.0,0
15.89,108.29,-120.0,0
15.89,108.295,-120.0,0
15.89,108.3,-120.0,0
15.89,108.305,-120.0,0
15.89,108.31,-120.0,0
15.89,108.315,-120.0,0
15.895,108.08,-120.0,0
15.895,108.085,-120.0,0
15.895,108.09,-120.0,0
15.895,108.095,-120.0,0
15.895,108.1,-120.0,0
15.895,108.105,-120.0,0
15.895,108.11,-120.0,0
15.895,108.115,-120.0,0
15.895,108.12,-120.0,0
15.895,108.125,-120.0,0
15.895,108.13,-120.0,0
15.895,108.135,-120.0,0
15.895,108.14,-120.0,0
15.895,108.145,-120.0,0
15.895,108.15,-120.0,0
15.895,108.155,-120.0,0
15.895,108.16,-120.0,0
15.895,108.165,-120.0,0
15.895,108.17,-120.0,0
15.895,108.175,-120.0,0
15.895,108.18,-120.0,0
15.895,108.185,-120.0,0
15.895,108.19,-120.0,0
15.895,108.195,-120.0,0
15.895,108.2,-120.0,0
15.895,108.205,-120.0,0
15.895,108.21,-120.0,0
15.895,108.215,-120.0,0
15.895,108.22,-120.0,0
15.895,108.225,-120.0,0
15.895,108.23,-120.0,0
15.895,108.235,-120.0,0
15.895,108.24,-120.0,0
15.895,108.245,-120.0,0
15.895,108.25,-120.0,0
15.895,108.255,-120.0,0
15.895,108.26,-120.0,0
15.895,108.265,-120.0,0
15.895,108.27,-120.0,0
15.895,108.275,-120.0,0
15.895,108.28,-120.0,0
15.895,108.285,-120.0,0
15.895,108.29,-120.0,0
15.895,108.295,-120.0,0
15.895,108.3,-120.0,0
15.895,108.305,-120.0,0
15.895,108.31,-120.0,0
15.895,108.315,-120.0,0
15.9,108.08,-120.0,0
15.9,108.085,-120.0,0
15.9,108.09,-120.0,0
15.9,108.095,-120.0,0
15.9,108.1,-120.0,0
15.9,108.105,-120.0,0
15.9,108.11,-120.0,0
15.9,108.115,-120.0,0
15.9,108.12,-120.0,0
15.9,108.125,-120.0,0
15.9,108.13,-120.0,0
15.9,108.135,-120.0,0
15.9,108.14,-120.0,0
15.9,108.145,-120.0,0
15.9,108.15,-120.0,0
15.9,108.155,-120.0,0
15.9,108.16,-120.0,0
15.9,108.165,-120.0,0
15.9,108.17,-120.0,0
15.9,108.175,-120.0,0
15.9,108.18,-120.0,0
15.9,108.185,-120.0,0
15.9,108.19,-120.0,0
15.9,108.195,-120.0,0
15.9,108.2,-120.0,0
15.9,108.205,-120.0,0
15.9,108.21,-120.0,0
15.9,108.215,-120.0,0
15.9,108.22,-120.0,0
15.9,108.225,-120.0,0
15.9,108.23,-120.0,0
15.9,108.235,-120.0,0
15.9,108.24,-120.0,0
15.9,108.245,-120.0,0
15.9,108.25,-120.0,0
15.9,108.255,-120.0,0
15.9,108.26,-120.0,0
15.9,108.265,-120.0,0
15.9,108.27,-120.0,0
15.9,108.275,-120.0,0
15.9,108.28,-120.0,0
15.9,108.285,-120.0,0
15.9,108.29,-120.0,0
15.9,108.295,-120.0,0
15.9,108.3,-120.0,0
15.9,108.305,-120.0,0
15.9,108.31,-120.0,0
15.9,108.315,-120.0,0
15.905,108.08,-120.0,0
15.905,108.085,-120.0,0
15.905,108.09,-120.0,0
15.905,108.095,-120.0,0
15.905,108.1,-120.0,0
15.905,108.105,-120.0,0
15.905,108.11,-120.0,0
15.905,108.115,-120.0,0
15.905,108.12,-120.0,0
15.905,108.125,-120.0,0
15.905,108.13,-120.0,0
15.905,108.135,-120.0,0
15.905,108.14,-120.0,0
15.905,108.145,-120.0,0
15.905,108.15,-120.0,0
15.905,108.155,-120.0,0
15.905,108.16,-120.0,0
15.905,108.165,-120.0,0
15.905,108.17,-120.0,0
15.905,108.175,-120.0,0
15.905,108.18,-120.0,0
15.905,108.185,-120.0,0
15.905,108.19,-120.0,0
15.905,108.195,-120.0,0
15.905,108.2,-120.0,0
15.905,108.205,-120.0,0
15.905,108.21,-120.0,0
15.905,108.215,-120.0,0
15.905,108.22,-120.0,0
15.905,108.225,-120.0,0
15.905,108.23,-120.0,0
15.905,108.235,-120.0,0
15.905,108.24,-120.0,0
15.905,108.245,-120.0,0
15.905,108.25,-120.0,0
15.905,108.255,-120.0,0
15.905,108.26,-120.0,0
15.905,108.265,-120.0,0
15.905,108.27,-120.0,0
15.905,108.275,-120.0,0
15.905,108.28,-120.0,0
15.905,108.285,-120.0,0
15.905,108.29,-120.0,0
15.905,108.295,-120.0,0
15.905,108.3,-120.0,0
15.905,108.305,-120.0,0
15.905,108.31,-120.0,0
15.905,108.315,-120.0,0
15.91,108.08,-120.0,0
15.91,108.085,-120.0,0
15.91,108.09,-120.0,0
15.91,108.095,-120.0,0
15.91,108.1,-120.0,0
15.91,108.105,-120.0,0
15.91,108.11,-120.0,0
15.91,108.115,-120.0,0
15.91,108.12,-120.0,0
15.91,108.125,-120.0,0
15.91,108.13,-120.0,0
15.91,108.135,-120.0,0
15.91,108.14,-120.0,0
15.91,108.145,-120.0,0
15.91,108.15,-120.0,0
15.91,108.155,-120.0,0
15.91,108.16,-120.0,0
15.91,108.165,-120.0,0
15.91,108.17,-120.0,0
15.91,108.175,-120.0,0
15.91,108.18,-120.0,0
15.91,108.185,-120.0,0
15.91,108.19,-120.0,0
15.91,108.195,-120.0,0
15.91,108.2,-120.0,0
15.91,108.205,-120.0,0
15.91,108.21,-120.0,0
15.91,108.215,-120.0,0
15.91,108.22,-120.0,0
15.91,108.225,-120.0,0
15.91,108.23,-120.0,0
15.91,108.235,-120.0,0
15.91,108.24,-120.0,0
15.91,108.245,-120.0,0
15.91,108.25,-120.0,0
15.91,108.255,-120.0,0
15.91,108.26,-120.0,0
15.91,108.265,-120.0,0
15.91,108.27,-120.0,0
15.91,108.275,-120.0,0
15.91,108.28,-120.0,0
15.91,108.285,-120.0,0
15.91,108.29,-120.0,0
15.91,108.295,-120.0,0
15.91,108.3,-120.0,0
15.91,108.305,-120.0,0
15.91,108.31,-120.0,0
15.91,108.315,-120.0,0
15.915,108.08,-120.0,0
15.915,108.085,-120.0,0
15.915,108.09,-120.0,0
15.915,108.095,-120.0,0
15.915,108.1,-120.0,0
15.915,108.105,-120.0,0
15.915,108.11,-120.0,0
15.915,108.115,-120.0,0
15.915,108.12,-120.0,0
15.915,108.125,-120.0,0
15.915,108.13,-120.0,0
15.915,108.135,-120.0,0
15.915,108.14,-120.0,0
15.915,108.145,-120.0,0
15.915,108.15,-120.0,0
15.915,108.155,-120.0,0
15.915,108.16,-120.0,0
15.915,108.165,-120.0,0
15.915,108.17,-120.0,0
15.915,108.175,-120.0,0
15.915,108.18,-120.0,0
15.915,108.185,-120.0,0
15.915,108.19,-120.0,0
15.915,108.195,-120.0,0
15.915,108.2,-120.0,0
15.915,108.205,-120.0,0
15.915,108.21,-120.0,0
15.915,108.215,-120.0,0
15.915,108.22,-120.0,0
15.915,108.225,-120.0,0
15.915,108.23,-120.0,0
15.915,108.235,-120.0,0
15.915,108.24,-120.0,0
15.915,108.245,-120.0,0
15.915,108.25,-120.0,0
15.915,108.255,-120.0,0
15.915,108.26,-120.0,0
15.915,108.265,-120.0,0
15.915,108.27,-120.0,0
15.915,108.275,-120.0,0
15.915,108.28,-120.0,0
15.915,108.285,-120.0,0
15.915,108.29,-120.0,0
15.915,108.295,-120.0,0
15.915,108.3,-120.0,0
15.915,108.305,-120.0,0
15.915,108.31,-120.0,0
15.915,108.315,-120.0,0
15.92,108.08,-120.0,0
15.92,108.085,-120.0,0
15.92,108.09,-120.0,0
15.92,108.095,-120.0,0
15.92,108.1,-120.0,0
15.92,108.105,-120.0,0
15.92,108.11,-120.0,0
15.92,108.115,-120.0,0
15.92,108.12,-120.0,0
15.92,108.125,-120.0,0
15.92,108.13,-120.0,0
15.92,108.135,-120.0,0
15.92,108.14,-120.0,0
15.92,108.145,-120.0,0
15.92,108.15,-120.0,0
15.92,108.155,-120.0,0
15.92,108.16,-120.0,0
15.92,108.165,-120.0,0
15.92,108.17,-120.0,0
15.92,108.175,-120.0,0
15.92,108.18,-120.0,0
15.92,108.185,-120.0,0
15.92,108.19,-120.0,0
15.92,108.195,-120.0,0
15.92,108.2,-120.0,0
15.92,108.205,-120.0,0
15.92,108.21,-120.0,0
15.92,108.215,-120.0,0
15.92,108.22,-120.0,0
15.92,108.225,-120.0,0
15.92,108.23,-120.0,0
15.92,108.235,-120.0,0
15.92,108.24,-120.0,0
15.92,108.245,-120.0,0
15.92,108.25,-120.0,0
15.92,108.255,-120.0,0
15.92,108.26,-120.0,0
15.92,108.265,-120.0,0
15.92,108.27,-120.0,0
15.92,108.275,-120.0,0
15.92,108.28,-120.0,0
15.92,108.285,-120.0,0
15.92,108.29,-120.0,0
15.92,108.295,-120.0,0
15.92,108.3,-120.0,0
15.92,108.305,-120.0,0
15.92,108.31,-120.0,0
15.92,108.315,-120.0,0
15.925,108.08,-120.0,0
15.925,108.085,-120.0,0
15.925,108.09,-120.0,0
15.925,108.095,-120.0,0
15.925,108.1,-120.0,0
15.925,108.105,-120.0,0
15.925,108.11,-120.0,0
15.925,108.115,-120.0,0
15.925,108.12,-120.0,0
15.925,108.125,-120.0,0
15.925,108.13,-120.0,0
15.925,108.135,-120.0,0
15.925,108.14,-120.0,0
15.925,108.145,-120.0,0
15.925,108.15,-120.0,0
15.925,108.155,-120.0,0
15.925,108.16,-120.0,0
15.925,108.165,-120.0,0
15.925,108.17,-120.0,0
15.925,108.175,-120.0,0
15.925,108.18,-120.0,0
15.925,108.185,-120.0,0
15.925,108.19,-120.0,0
15.925,108.195,-120.0,0
15.925,108.2,-120.0,0
15.925,108.205,-120.0,0
15.925,108.21,-120.0,0
15.925,108.215,-120.0,0
15.925,108.22,-120.0,0
15.925,108.225,-120.0,0
15.925,108.23,-120.0,0
15.925,108.235,-120.0,0
15.925,108.24,-120.0,0
15.925,108.245,-120.0,0
15.925,108.25,-120.0,0
15.925,108.255,-120.0,0
15.925,108.26,-120.0,0
15.925,108.265,-120.0,0
15.925,108.27,-120.0,0
15.925,108.275,-120.0,0
15.925,108.28,-120.0,0
15.925,108.285,-120.0,0
15.925,108.29,-120.0,0
15.925,108.295,-120.0,0
15.925,108.3,-120.0,0
15.925,108.305,-120.0,0
15.925,108.31,-120.0,0
15.925,108.315,-120.0,0
15.93,108.08,-120.0,0
15.93,108.085,-120.0,0
15.93,108.09,-120.0,0
15.93,108.095,-120.0,0
15.93,108.1,-120.0,0
15.93,108.105,-120.0,0
15.93,108.11,-120.0,0
15.93,108.115,-120.0,0
15.93,108.12,-120.0,0
15.93,108.125,-120.0,0
15.93,108.13,-120.0,0
15.93,108.135,-120.0,0
15.93,108.14,-120.0,0
15.93,108.145,-120.0,0
15.93,108.15,-120.0,0
15.93,108.155,-120.0,0
15.93,108.16,-120.0,0
15.93,108.165,-120.0,0
15.93,108.17,-120.0,0
15.93,108.175,-120.0,0
15.93,108.18,-120.0,0
15.93,108.185,-120.0,0
15.93,108.19,-120.0,0
15.93,108.195,-120.0,0
15.93,108.2,-120.0,0
15.93,108.205,-120.0,0
15.93,108.21,-120.0,0
15.93,108.215,-120.0,0
15.93,108.22,-120.0,0
15.93,108.225,-120.0,0
15.93,108.23,-120.0,0
15.93,108.235,-120.0,0
15.93,108.24,-120.0,0
15.93,108.245,-120.0,0
15.93,108.25,-120.0,0
15.93,108.255,-120.0,0
15.93,108.26,-120.0,0
15.93,108.265,-120.0,0
15.93,108.27,-120.0,0
15.93,108.275,-120.0,0
15.93,108.28,-120.0,0
15.93,108.285,-120.0,0
15.93,108.29,-120.0,0
15.93,108.295,-120.0,0
15.93,108.3,-120.0,0
15.93,108.305,-120.0,0
15.93,108.31,-120.0,0
15.93,108.315,-120.0,0
15.935,108.08,-120.0,0
15.935,108.085,-120.0,0
15.935,108.09,-120.0,0
15.935,108.095,-120.0,0
15.935,108.1,-120.0,0
15.935,108.105,-120.0,0
15.935,108.11,-120.0,0
15.935,108.115,-120.0,0
15.935,108.12,-120.0,0
15.935,108.125,-120.0,0
15.935,108.13,-120.0,0
15.935,108.135,-120.0,0
15.935,108.14,-120.0,0
15.935,108.145,-120.0,0
15.935,108.15,-120.0,0
15.935,108.155,-120.0,0
15.935,108.16,-120.0,0
15.935,108.165,-120.0,0
15.935,108.17,-120.0,0
15.935,108.175,-120.0,0
15.935,108.18,-120.0,0
15.935,108.185,-120.0,0
15.935,108.19,-120.0,0
15.935,108.195,-120.0,0
15.935,108.2,-120.0,0
15.935,108.205,-120.0,0
15.935,108.21,-120.0,0
15.935,108.215,-120.0,0
15.935,108.22,-120.0,0
15.935,108.225,-120.0,0
15.935,108.23,-120.0,0
15.935,108.235,-120.0,0
15.935,108.24,-120.0,0
15.935,108.245,-120.0,0
15.935,108.25,-120.0,0
15.935,108.255,-120.0,0
15.935,108.26,-120.0,0
15.935,108.265,-120.0,0
15.935,108.27,-120.0,0
15.935,108.275,-120.0,0
15.935,108.28,-120.0,0
15.935,108.285,-120.0,0
15.935,108.29,-120.0,0
15.935,108.295,-120.0,0
15.935,108.3,-120.0,0
15.935,108.305,-120.0,0
15.935,108.31,-120.0,0
15.935,108.315,-120.0,0
15.94,108.08,-120.0,0
15.94,108.085,-120.0,0
15.94,108.09,-120.0,0
15.94,108.095,-120.0,0
15.94,108.1,-120.0,0
15.94,108.105,-120.0,0
15.94,108.11,-120.0,0
15.94,108.115,-120.0,0
15.94,108.12,-120.0,0
15.94,108.125,-120.0,0
15.94,108.13,-120.0,0
15.94,108.135,-120.0,0
15.94,108.14,-120.0,0
15.94,108.145,-120.0,0
15.94,108.15,-120.0,0
15.94,108.155,-120.0,0
15.94,108.16,-120.0,0
15.94,108.165,-120.0,0
15.94,108.17,-120.0,0
15.94,108.175,-120.0,0
15.94,108.18,-120.0,0
15.94,108.185,-120.0,0
15.94,108.19,-120.0,0
15.94,108.195,-120.0,0
15.94,108.2,-120.0,0
15.94,108.205,-120.0,0
15.94,108.21,-120.0,0
15.94,108.215,-120.0,0
15.94,108.22,-120.0,0
15.94,108.225,-120.0,0
15.94,108.23,-120.0,0
15.94,108.235,-120.0,0
15.94,108.24,-120.0,0
15.94,108.245,-120.0,0
15.94,108.25,-120.0,0
15.94,108.255,-120.0,0
15.94,108.26,-120.0,0
15.94,108.265,-120.0,0
15.94,108.27,-120.0,0
15.94,108.275,-120.0,0
15.94,108.28,-120.0,0
15.94,108.285,-120.0,0
15.94,108.29,-120.0,0
15.94,108.295,-120.0,0
15.94,108.3,-120.0,0
15.94,108.305,-120.0,0
15.94,108.31,-120.0,0
15.94,108.315,-120.0,0
15.945,108.08,-120.0,0
15.945,108.085,-120.0,0
15.945,108.09,-120.0,0
15.945,108.095,-120.0,0
15.945,108.1,-120.0,0
15.945,108.105,-120.0,0
15.945,108.11,-120.0,0
15.945,108.115,-120.0,0
15.945,108.12,-120.0,0
15.945,108.125,-120.0,0
15.945,108.13,-120.0,0
15.945,108.135,-120.0,0
15.945,108.14,-120.0,0
15.945,108.145,-120.0,0
15.945,108.15,-120.0,0
15.945,108.155,-120.0,0
15.945,108.16,-120.0,0
15.945,108.165,-120.0,0
15.945,108.17,-120.0,0
15.945,108.175,-120.0,0
15.945,108.18,-120.0,0
15.945,108.185,-120.0,0
15.945,108.19,-120.0,0
15.945,108.195,-120.0,0
15.945,108.2,-120.0,0
15.945,108.205,-120.0,0
15.945,108.21,-120.0,0
15.945,108.215,-120.0,0
15.945,108.22,-120.0,0
15.945,108.225,-120.0,0
15.945,108.23,-120.0,0
15.945,108.235,-120.0,0
15.945,108.24,-117.47798432151946,0
15.945,108.245,-117.36438245788803,0
15.945,108.25,-117.3611993869266,0
15.945,108.255,-117.44489673854308,0
15.945,108.26,-117.5114105207236,0
15.945,108.265,-117.6067980677452,0
15.945,108.27,-117.76403272942147,0
15.945,108.275,-117.72154598557832,0
15.945,108.28,-117.82340405610728,0
15.945,108.285,-117.76334978517411,0
15.945,108.29,-117.99226834235766,0
15.945,108.295,-117.80003493149752,0
15.945,108.3,-117.55563519695113,0
15.945,108.305,-117.50096891192835,0
15.945,108.31,-117.9198560306351,0
15.945,108.315,-117.97649773872703,0
15.95,108.08,-120.0,0
15.95,108.085,-120.0,0
15.95,108.09,-120.0,0
15.95,108.095,-120.0,0
15.95,108.1,-120.0,0
15.95,108.105,-120.0,0
15.95,108.11,-120.0,0
15.95,108.115,-120.0,0
15.95,108.12,-120.0,0
15.95,108.125,-120.0,0
15.95,108.13,-120.0,0
15.95,108.135,-120.0,0
15.95,108.14,-120.0,0
15.95,108.145,-120.0,0
15.95,108.15,-120.0,0
15.95,108.155,-120.0,0
15.95,108.16,-120.0,0
15.95,108.165,-120.0,0
15.95,108.17,-120.0,0
15.95,108.175,-120.0,0
15.95,108.18,-120.0,0
15.95,108.185,-120.0,0
15.95,108.19,-120.0,0
15.95,108.195,-120.0,0
15.95,108.2,-120.0,0
15.95,108.205,-120.0,0
15.95,108.21,-120.0,0
15.95,108.215,-120.0,0
15.95,108.22,-120.0,0
15.95,108.225,-120.0,0
15.95,108.23,-120.0,0
15.95,108.235,-120.0,0
15.95,108.24,-120.0,0
15.95,108.245,-120.0,0
15.95,108.25,-116.31536753368371,0
15.95,108.255,-116.42011292790085,0
15.95,108.26,-115.94958215376391,0
15.95,108.265,-116.4442677400904,0
15.95,108.27,-116.22884639196805,0
15.95,108.275,-116.34394026388682,0
15.95,108.28,-116.47804139584372,0
15.95,108.285,-116.27759022487535,0
15.95,108.29,-116.31003516229636,0
15.95,108.295,-116.4709494609172,0
15.95,108.3,-116.77604467022441,0
15.95,108.305,-116.20301281913298,0
15.95,108.31,-117.0414863504696,0
15.95,108.315,-117.30315695897718,0
15.955,108.08,-120.0,0
15.955,108.085,-120.0,0
15.955,108.09,-120.0,0
15.955,108.095,-120.0,0
15.955,108.1,-120.0,0
15.955,108.105,-120.0,0
15.955,108.11,-120.0,0
15.955,108.115,-120.0,0
15.955,108.12,-120.0,0
15.955,108.125,-120.0,0
15.955,108.13,-120.0,0
15.955,108.135,-120.0,0
15.955,108.14,-120.0,0
15.955,108.145,-120.0,0
15.955,108.15,-120.0,0
15.955,108.155,-120.0,0
15.955,108.16,-120.0,0
15.955,108.165,-120.0,0
15.955,108.17,-120.0,0
15.955,108.175,-120.0,0
15.955,108.18,-120.0,0
15.955,108.185,-120.0,0
15.955,108.19,-120.0,0
15.955,108.195,-120.0,0
15.955,108.2,-120.0,0
15.955,108.205,-120.0,0
15.955,108.21,-120.0,0
15.955,108.215,-120.0,0
15.955,108.22,-120.0,0
15.955,108.225,-120.0,0
15.955,108.23,-120.0,0
15.955,108.235,-120.0,0
15.955,108.24,-120.0,0
15.955,108.245,-120.0,0
15.955,108.25,-120.0,0
15.955,108.255,-115.0,0
15.955,108.26,-120.0,0
15.955,108.265,-120.0,0
15.955,108.27,-120.0,0
15.955,108.275,-120.0,0
15.955,108.28,-120.0,0
15.955,108.285,-120.0,0
15.955,108.29,-120.0,0
15.955,108.295,-120.0,0
15.955,108.3,-120.0,0
15.955,108.305,-120.0,0
15.955,108.31,-120.0,0
15.955,108.315,-120.0,0
15.96,108.08,-120.0,0
15.96,108.085,-120.0,0
15.96,108.09,-120.0,0
15.96,108.095,-120.0,0
15.96,108.1,-120.0,0
15.96,108.105,-120.0,0
15.96,108.11,-120.0,0
15.96,108.115,-120.0,0
15.96,108.12,-120.0,0
15.96,108.125,-120.0,0
15.96,108.13,-120.0,0
15.96,108.135,-120.0,0
15.96,108.14,-120.0,0
15.96,108.145,-120.0,0
15.96,108.15,-120.0,0
15.96,108.155,-120.0,0
15.96,108.16,-120.0,0
15.96,108.165,-120.0,0
15.96,108.17,-120.0,0
15.96,108.175,-120.0,0
15.96,108.18,-120.0,0
15.96,108.185,-120.0,0
15.96,108.19,-115.88769779836169,0
15.96,108.195,-115.22979579012049,0
15.96,108.2,-120.0,0
15.96,108.205,-115.22188007562255,0
15.96,108.21,-115.66187564824158,0
15.96,108.215,-120.0,0
15.96,108.22,-120.0,0
15.96,108.225,-120.0,0
15.96,108.23,-120.0,0
15.96,108.235,-120.0,0
15.96,108.24,-120.0,0
15.96,108.245,-120.0,0
15.96,108.25,-115.55615110790332,0
15.96,108.255,-115.96797965830883,0
15.96,108.26,-115.6751963457529,0
15.96,108.265,-115.5808864857416,0
15.96,108.27,-115.5826830637286,0
15.96,108.275,-115.60791826381475,0
15.96,108.28,-115.93404275662888,0
15.96,108.285,-115.68388941203604,0
15.96,108.29,-115.94387568913093,0
15.96,108.295,-115.60642779058429,0
15.96,108.3,-115.61274582178885,0
15.96,108.305,-115.80855506924905,0
15.96,108.31,-116.0095610239869,0
15.96,108.315,-116.01556793900795,0
15.965,108.08,-120.0,0
15.965,108.085,-120.0,0
15.965,108.09,-120.0,0
15.965,108.095,-120.0,0
15.965,108.1,-120.0,0
15.965,108.105,-120.0,0
15.965,108.11,-120.0,0
15.965,108.115,-120.0,0
15.965,108.12,-120.0,0
15.965,108.125,-120.0,0
15.965,108.13,-120.0,0
15.965,108.135,-120.0,0
15.965,108.14,-120.0,0
15.965,108.145,-120.0,0
15.965,108.15,-120.0,0
15.965,108.155,-120.0,0
15.965,108.16,-120.0,0
15.965,108.165,-120.0,0
15.965,108.17,-120.0,0
15.965,108.175,-120.0,0
15.965,108.18,-120.0,0
15.965,108.185,-115.34019391369925,0
15.965,108.19,-115.16464045188782,0
15.965,108.195,-115.69736788471995,0
15.965,108.2,-114.22934881404228,0
15.965,108.205,-114.82968771234829,0
15.965,108.21,-114.95126514360626,0
15.965,108.215,-114.79860703443192,0
15.965,108.22,-114.84115682499268,0
15.965,108.225,-115.30740001997009,0
15.965,108.23,-120.0,0
15.965,108.235,-120.0,0
15.965,108.24,-115.56473868807178,0
15.965,108.245,-116.29987782402662,0
15.965,108.25,-115.72561626651475,0
15.965,108.255,-116.70776747298544,0
15.965,108.26,-116.83707332133262,0
15.965,108.265,-116.72869166964178,0
15.965,108.27,-116.77039949203898,0
15.965,108.275,-116.72281578699106,0
15.965,108.28,-116.89844385064444,0
15.965,108.285,-116.53289090645382,0
15.965,108.29,-116.62167115675227,0
15.965,108.295,-115.88276965730947,0
15.965,108.3,-115.89811492315475,0
15.965,108.305,-115.92369967173951,0
15.965,108.31,-115.86665276310934,0
15.965,108.315,-115.83543553142916,0
15.97,108.08,-120.0,0
15.97,108.085,-120.0,0
15.97,108.09,-120.0,0
15.97,108.095,-120.0,0
15.97,108.1,-120.0,0
15.97,108.105,-120.0,0
15.97,108.11,-120.0,0
15.97,108.115,-120.0,0
15.97,108.12,-120.0,0
15.97,108.125,-120.0,0
15.97,108.13,-120.0,0
15.97,108.135,-120.0,0
15.97,108.14,-120.0,0
15.97,108.145,-120.0,0
15.97,108.15,-120.0,0
15.97,108.155,-120.0,0
15.97,108.16,-120.0,0
15.97,108.165,-120.0,0
15.97,108.17,-120.0,0
15.97,108.175,-116.11070042226746,0
15.97,108.18,-115.7910756594625,0
15.97,108.185,-120.0,0
15.97,108.19,-115.39997812756333,0
15.97,108.195,-115.40064996600711,0
15.97,108.2,-115.46217547902717,0
15.97,108.205,-114.55634506073588,0
15.97,108.21,-114.94962854545452,0
15.97,108.215,-120.0,0
15.97,108.22,-115.27386969240409,0
15.97,108.225,-114.69603239103928,0
15.97,108.23,-114.6485830223658,0
15.97,108.235,-120.0,0
15.97,108.24,-120.0,0
15.97,108.245,-116.15834297451048,0
15.97,108.25,-116.91929710064701,0
15.97,108.255,-118.0,0
15.97,108.26,-117.10547738178512,0
15.97,108.265,-116.56021270623529,0
15.97,108.27,-116.69353013683052,0
15.97,108.275,-116.63927050905134,0
15.97,108.28,-117.3700094950635,0
15.97,108.285,-116.96333753768482,0
15.97,108.29,-116.58973455502372,0
15.97,108.295,-116.73964735988855,0
15.97,108.3,-116.5973501170512,0
15.97,108.305,-116.72140582466523,0
15.97,108.31,-116.92795963529007,0
15.97,108.315,-116.99836869321115,0
15.975,108.08,-120.0,0
15.975,108.085,-120.0,0
15.975,108.09,-120.0,0
15.975,108.095,-120.0,0
15.975,108.1,-120.0,0
15.975,108.105,-120.0,0
15.975,108.11,-120.0,0
15.975,108.115,-120.0,0
15.975,108.12,-120.0,0
15.975,108.125,-120.0,0
15.975,108.13,-120.0,0
15.975,108.135,-120.0,0
15.975,108.14,-120.0,0
15.975,108.145,-120.0,0
15.975,108.15,-120.0,0
15.975,108.155,-120.0,0
15.975,108.16,-120.0,0
15.975,108.165,-115.89294691069956,0
15.975,108.17,-115.99779259911472,0
15.975,108.175,-116.05243375644444,0
15.975,108.18,-115.92379610583407,0
15.975,108.185,-115.82359104691174,0
15.975,108.19,-120.0,0
15.975,108.195,-115.30525476514092,0
15.975,108.2,-115.55013058518172,0
15.975,108.205,-115.58305453012832,0
15.975,108.21,-115.67281284654193,0
15.975,108.215,-114.45913726357374,0
15.975,108.22,-115.30678383447523,0
15.975,108.225,-115.03092722279933,0
15.975,108.23,-114.90049241675848,0
15.975,108.235,-114.54526044376651,0
15.975,108.24,-120.0,0
15.975,108.245,-120.0,0
15.975,108.25,-116.28962930327913,0
15.975,108.255,-116.19323090282293,0
15.975,108.26,-116.3213370184801,0
15.975,108.265,-115.81492173905798,0
15.975,108.27,-116.25002291076403,0
15.975,108.275,-116.37138802615449,0
15.975,108.28,-120.0,0
15.975,108.285,-116.1537875974181,0
15.975,108.29,-120.0,0
15.975,108.295,-120.0,0
15.975,108.3,-120.0,0
15.975,108.305,-120.0,0
15.975,108.31,-120.0,0
15.975,108.315,-120.0,0
15.98,108.08,-120.0,0
15.98,108.085,-120.0,0
15.98,108.09,-120.0,0
15.98,108.095,-120.0,0
15.98,108.1,-120.0,0
15.98,108.105,-120.0,0
15.98,108.11,-120.0,0
15.98,108.115,-120.0,0
15.98,108.12,-120.0,0
15.98,108.125,-120.0,0
15.98,108.13,-120.0,0
15.98,108.135,-120.0,0
15.98,108.14,-120.0,0
15.98,108.145,-120.0,0
15.98,108.15,-120.0,0
15.98,108.155,-120.0,0
15.98,108.16,-116.3065009984928,0
15.98,108.165,-116.33367794269483,0
15.98,108.17,-115.76350584542283,0
15.98,108.175,-116.17081624207668,0
15.98,108.18,-115.55816899373055,0
15.98,108.185,-115.64134725336783,0
15.98,108.19,-120.0,0
15.98,108.195,-120.0,0
15.98,108.2,-115.32350315368504,0
15.98,108.205,-115.52286035826232,0
15.98,108.21,-115.31587068899103,0
15.98,108.215,-115.91263848931052,0
15.98,108.22,-114.50305380194922,0
15.98,108.225,-114.73053771368805,0
15.98,108.23,-120.0,0
15.98,108.235,-114.92196401877747,0
15.98,108.24,-112.97212789406993,0
15.98,108.245,-120.0,0
15.98,108.25,-120.0,0
15.98,108.255,-117.0,0
15.98,108.26,-115.73207284600545,0
15.98,108.265,-120.0,0
15.98,108.27,-116.06796210954013,0
15.98,108.275,-120.0,0
15.98,108.28,-120.0,0
15.98,108.285,-120.0,0
15.98,108.29,-120.0,0
15.98,108.295,-120.0,0
15.98,108.3,-120.0,0
15.98,108.305,-120.0,0
15.98,108.31,-120.0,0
15.98,108.315,-120.0,0
15.985,108.08,-120.0,0
15.985,108.085,-120.0,0
15.985,108.09,-120.0,0
15.985,108.095,-120.0,0
15.985,108.1,-120.0,0
15.985,108.105,-120.0,0
15.985,108.11,-120.0,0
15.985,108.115,-120.0,0
15.985,108.12,-120.0,0
15.985,108.125,-120.0,0
15.985,108.13,-120.0,0
15.985,108.135,-120.0,0
15.985,108.14,-120.0,0
15.985,108.145,-120.0,0
15.985,108.15,-120.0,0
15.985,108.155,-116.16860613034879,0
15.985,108.16,-116.14353440031145,0
15.985,108.165,-116.06853315545642,0
15.985,108.17,-116.43301718451201,0
15.985,108.175,-116.05116556904025,0
15.985,108.18,-115.73118971448089,0
15.985,108.185,-115.72413919541279,0
15.985,108.19,-115.71552888442122,0
15.985,108.195,-120.0,0
15.985,108.2,-120.0,0
15.985,108.205,-115.0154775494041,0
15.985,108.21,-115.24048965184181,0
15.985,108.215,-115.16446209791324,0
15.985,108.22,-115.470984722298,0
15.985,108.225,-115.35077237398704,0
15.985,108.23,-113.73744261044503,0
15.985,108.235,-114.76035618315231,0
15.985,108.24,-114.62422429284524,0
15.985,108.245,-120.0,0
15.985,108.25,-120.0,0
15.985,108.255,-120.0,0
15.985,108.26,-115.73409943008865,0
15.985,108.265,-120.0,0
15.985,108.27,-120.0,0
15.985,108.275,-120.0,0
15.985,108.28,-120.0,0
15.985,108.285,-120.0,0
15.985,108.29,-120.0,0
15.985,108.295,-120.0,0
15.985,108.3,-120.0,0
15.985,108.305,-120.0,0
15.985,108.31,-120.0,0
15.985,108.315,-120.0,0
15.99,108.08,-120.0,0
15.99,108.085,-120.0,0
15.99,108.09,-120.0,0
15.99,108.095,-120.0,0
15.99,108.1,-120.0,0
15.99,108.105,-120.0,0
15.99,108.11,-120.0,0
15.99,108.115,-120.0,0
15.99,108.12,-120.0,0
15.99,108.125,-120.0,0
15.99,108.13,-120.0,0
15.99,108.135,-120.0,0
15.99,108.14,-120.0,0
15.99,108.145,-120.0,0
15.99,108.15,-116.20801170204719,0
15.99,108.155,-115.72361030106137,0
15.99,108.16,-116.16571038038052,0
15.99,108.165,-116.03510069323849,0
15.99,108.17,-115.84589917315857,0
15.99,108.175,-115.70622760018003,0
15.99,108.18,-115.69826149088978,0
15.99,108.185,-115.42136642526148,0
15.99,108.19,-115.91468433203559,0
15.99,108.195,-115.05894281096978,0
15.99,108.2,-112.09630545604871,0
15.99,108.205,-111.7303742108247,0
15.99,108.21,-114.61413784210042,0
15.99,108.215,-115.23191798274466,0
15.99,108.22,-113.76620922291437,0
15.99,108.225,-114.33061364523583,0
15.99,108.23,-115.08475286571382,0
15.99,108.235,-114.63108604086783,0
15.99,108.24,-115.58923772130169,0
15.99,108.245,-111.69348980446328,0
15.99,108.25,-112.00924818340593,0
15.99,108.255,-111.77555390256381,0
15.99,108.26,-115.12690588631774,0
15.99,108.265,-115.59548274196037,0
15.99,108.27,-115.31388683243492,0
15.99,108.275,-115.74254211873884,0
15.99,108.28,-115.44538597859406,0
15.99,108.285,-120.0,0
15.99,108.29,-120.0,0
15.99,108.295,-120.0,0
15.99,108.3,-120.0,0
15.99,108.305,-120.0,0
15.99,108.31,-120.0,0
15.99,108.315,-120.0,0
15.995,108.08,-120.0,0
15.995,108.085,-120.0,0
15.995,108.09,-120.0,0
15.995,108.095,-120.0,0
15.995,108.1,-120.0,0
15.995,108.105,-120.0,0
15.995,108.11,-120.0,0
15.995,108.115,-120.0,0
15.995,108.12,-120.0,0
15.995,108.125,-120.0,0
15.995,108.13,-120.0,0
15.995,108.135,-120.0,0
15.995,108.14,-115.40084771757641,0
15.995,108.145,-116.2235397779776,0
15.995,108.15,-115.93403444251122,0
15.995,108.155,-116.67888090356831,0
15.995,108.16,-115.69486286196963,0
15.995,108.165,-115.33939697943389,0
15.995,108.17,-115.90134861887557,0
15.995,108.175,-116.2980356371896,0
15.995,108.18,-115.81863487341215,0
15.995,108.185,-115.22409815038792,0
15.995,108.19,-115.59407201738053,0
15.995,108.195,-115.86628571828246,0
15.995,108.2,-115.01575708559007,0
15.995,108.205,-111.82336217879079,0
15.995,108.21,-112.10798342226555,0
15.995,108.215,-114.776810118241,0
15.995,108.22,-114.62035642748009,0
15.995,108.225,-112.34184244599336,0
15.995,108.23,-113.9066487814197,0
15.995,108.235,-115.99627578271044,0
15.995,108.24,-114.97687512561889,0
15.995,108.245,-114.84158884842887,0
15.995,108.25,-112.67422860626978,0
15.995,108.255,-112.35953885963836,0
15.995,108.26,-115.32822913070751,0
15.995,108.265,-115.55627722562564,0
15.995,108.27,-115.72806200451068,0
15.995,108.275,-115.27668704528219,0
15.995,108.28,-115.31716567776081,0
15.995,108.285,-115.37729072842502,0
15.995,108.29,-115.38912110317845,0
15.995,108.295,-115.40358694168779,0
15.995,108.3,-115.45339158149244,0
15.995,108.305,-120.0,0
15.995,108.31,-120.0,0
15.995,108.315,-120.0,0
16.0,108.08,-120.0,0
16.0,108.085,-120.0,0
16.0,108.09,-120.0,0
16.0,108.095,-120.0,0
16.0,108.1,-120.0,0
16.0,108.105,-120.0,0
16.0,108.11,-120.0,0
16.0,108.115,-120.0,0
16.0,108.12,-120.0,0
16.0,108.125,-120.0,0
16.0,108.13,-120.0,0
16.0,108.135,-120.0,0
16.0,108.14,-115.35082763757536,0
16.0,108.145,-116.20055635306066,0
16.0,108.15,-116.77980401971749,0
16.0,108.155,-120.0,0
16.0,108.16,-116.9500122003124,0
16.0,108.165,-116.27920720808463,0
16.0,108.17,-116.89473862611105,0
16.0,108.175,-116.62440466647348,0
16.0,108.18,-115.78487299473127,0
16.0,108.185,-115.53257860220235,0
16.0,108.19,-115.1047148031051,0
16.0,108.195,-115.14509144583647,0
16.0,108.2,-114.46921791269594,0
16.0,108.205,-115.54585600295069,0
16.0,108.21,-111.93123755640053,0
16.0,108.215,-111.7245771376917,0
16.0,108.22,-114.27155013729082,0
16.0,108.225,-113.56397028948183,0
16.0,108.23,-111.20106786727057,0
16.0,108.235,-114.00214696328456,0
16.0,108.24,-114.76523815158372,0
16.0,108.245,-114.77873035148856,0
16.0,108.25,-115.03213480008341,0
16.0,108.255,-112.46023354586332,0
16.0,108.26,-115.82817393239606,0
16.0,108.265,-115.48913946806579,0
16.0,108.27,-115.47217303564481,0
16.0,108.275,-115.24111529604801,0
16.0,108.28,-115.29952787899374,0
16.0,108.285,-115.3879381807663,0
16.0,108.29,-115.35172523651991,0
16.0,108.295,-115.35470483294687,0
16.0,108.3,-115.35675062049265,0
16.0,108.305,-115.42559844603397,0
16.0,108.31,-115.36862242772403,0
16.0,108.315,-115.51112183223573,0
16.005,108.08,-120.0,0
16.005,108.085,-120.0,0
16.005,108.09,-120.0,0
16.005,108.095,-120.0,0
16.005,108.1,-120.0,0
16.005,108.105,-120.0,0
16.005,108.11,-120.0,0
16.005,108.115,-120.0,0
16.005,108.12,-120.0,0
16.005,108.125,-120.0,0
16.005,108.13,-120.0,0
16.005,108.135,-114.63178322869172,0
16.005,108.14,-115.22593415535263,0
16.005,108.145,-115.43442911622974,0
16.005,108.15,-115.83463293052475,0
16.005,108.155,-120.0,0
16.005,108.16,-111.6602580999041,0
16.005,108.165,-111.8521782007718,0
16.005,108.17,-117.08546351088305,0
16.005,108.175,-116.21084475265646,0
16.005,108.18,-116.27797208237963,0
16.005,108.185,-116.1319505267754,0
16.005,108.19,-115.91637645208193,0
16.005,108.195,-115.571955830423,0
16.005,108.2,-114.61031487887716,0
16.005,108.205,-114.3360834346611,0
16.005,108.21,-111.47307000426048,0
16.005,108.215,-114.21262226663666,0
16.005,108.22,-111.28296623364355,0
16.005,108.225,-114.85702168739488,0
16.005,108.23,-111.59634700779947,0
16.005,108.235,-113.01637558089777,0
16.005,108.24,-113.85123129798151,0
16.005,108.245,-114.79146718545557,0
16.005,108.25,-114.94921333391683,0
16.005,108.255,-115.33423400711378,0
16.005,108.26,-115.89063591565869,0
16.005,108.265,-115.83346396658831,0
16.005,108.27,-115.22160470162405,0
16.005,108.275,-115.20454210367951,0
16.005,108.28,-115.22463085118932,0
16.005,108.285,-115.2540911951932,0
16.005,108.29,-115.30629767017898,0
16.005,108.295,-115.28977813415943,0
16.005,108.3,-115.28824904604369,0
16.005,108.305,-115.30913203312016,0
16.005,108.31,-115.33209100338641,0
16.005,108.315,-115.38219020830411,0
16.01,108.08,-120.0,0
16.01,108.085,-120.0,0
16.01,108.09,-120.0,0
16.01,108.095,-120.0,0
16.01,108.1,-120.0,0
16.01,108.105,-120.0,0
16.01,108.11,-120.0,0
16.01,108.115,-120.0,0
16.01,108.12,-120.0,0
16.01,108.125,-120.0,0
16.01,108.13,-114.88465895408368,0
16.01,108.135,-115.16473042801869,0
16.01,108.14,-116.5940665394603,0
16.01,108.145,-116.07121868946417,0
16.01,108.15,-114.32558128691207,0
16.01,108.155,-120.0,0
16.01,108.16,-112.20220666449313,0
16.01,108.165,-112.39671933933099,0
16.01,108.17,-112.06825659140799,0
16.01,108.175,-116.86869203567706,0
16.01,108.18,-116.56772432934255,0
16.01,108.185,-115.9702399907877,0
16.01,108.19,-115.38879336353678,0
16.01,108.195,-115.73083811468814,0
16.01,108.2,-114.90277755205388,0
16.01,108.205,-112.06053823219273,0
16.01,108.21,-114.02290953878712,0
16.01,108.215,-114.59464900068623,0
16.01,108.22,-114.64308295836135,0
16.01,108.225,-113.63773749540272,0
16.01,108.23,-114.0162127225768,0
16.01,108.235,-112.07540316151726,0
16.01,108.24,-114.02485096489362,0
16.01,108.245,-113.77525891834601,0
16.01,108.25,-114.04341150953128,0
16.01,108.255,-115.19639345257234,0
16.01,108.26,-115.83882543876393,0
16.01,108.265,-115.60666737159336,0
16.01,108.27,-115.01395103100954,0
16.01,108.275,-115.0622629586652,0
16.01,108.28,-115.02426481671056,0
16.01,108.285,-115.08140767385342,0
16.01,108.29,-115.02889329138539,0
16.01,108.295,-115.13432271213233,0
16.01,108.3,-115.21121065724006,0
16.01,108.305,-115.22289738497217,0
16.01,108.31,-115.3016965302713,0
16.01,108.315,-115.3833891582463,0
16.015,108.08,-120.0,0
16.015,108.085,-120.0,0
16.015,108.09,-120.0,0
16.015,108.095,-120.0,0
16.015,108.1,-120.0,0
16.015,108.105,-120.0,0
16.015,108.11,-120.0,0
16.015,108.115,-120.0,0
16.015,108.12,-120.0,0
16.015,108.125,-114.67866039526207,0
16.015,108.13,-115.29814328740147,0
16.015,108.135,-115.82406952573913,0
16.015,108.14,-116.56608353944985,0
16.015,108.145,-114.73486152017453,0
16.015,108.15,-112.05090240320372,0
16.015,108.155,-120.0,0
16.015,108.16,-111.82470674116033,0
16.015,108.165,-112.32493880571292,0
16.015,108.17,-112.41648478932063,0
16.015,108.175,-112.55567520917066,0
16.015,108.18,-111.91151030083576,0
16.015,108.185,-116.10131998433182,0
16.015,108.19,-116.19123131941961,0
16.015,108.195,-115.77349713750935,0
16.015,108.2,-114.98084394569675,0
16.015,108.205,-114.86431760168264,0
16.015,108.21,-110.66624737966784,0
16.015,108.215,-109.91845790204708,0
16.015,108.22,-110.24029455430379,0
16.015,108.225,-114.44527644500958,0
16.015,108.23,-112.49615188986712,0
16.015,108.235,-113.34753592895984,0
16.015,108.24,-111.49792826502002,0
16.015,108.245,-114.1037638851447,0
16.015,108.25,-114.19479118325721,0
16.015,108.255,-124.97677169318968,0
16.015,108.26,-124.7677735042735,0
16.015,108.265,-124.79166417157722,0
16.015,108.27,-114.90039264218618,0
16.015,108.275,-114.82734755630786,0
16.015,108.28,-114.88578112274139,0
16.015,108.285,-114.8655532950136,0
16.015,108.29,-114.94956315694654,0
16.015,108.295,-114.96420418258758,0
16.015,108.3,-114.98798679949209,0
16.015,108.305,-114.99003235519172,0
16.015,108.31,-115.08189532804766,0
16.015,108.315,-115.29161181141014,0
16.02,108.08,-120.0,0
16.02,108.085,-120.0,0
16.02,108.09,-120.0,0
16.02,108.095,-120.0,0
16.02,108.1,-120.0,0
16.02,108.105,-120.0,0
16.02,108.11,-120.0,0
16.02,108.115,-120.0,0
16.02,108.12,-115.15434829509293,0
16.02,108.125,-115.29508383650187,0
16.02,108.13,-115.13912928730355,0
16.02,108.135,-115.6767307609047,0
16.02,108.14,-114.98452907403963,0
16.02,108.145,-112.21433489633144,0
16.02,108.15,-120.0,0
16.02,108.155,-112.27093115718093,0
16.02,108.16,-111.97983432401827,0
16.02,108.165,-111.67755744748335,0
16.02,108.17,-116.0356060525286,0
16.02,108.175,-112.32023275162682,0
16.02,108.18,-112.12462031551321,0
16.02,108.185,-111.79471876708337,0
16.02,108.19,-115.30669970651222,0
16.02,108.195,-116.83838750742278,0
16.02,108.2,-115.955018683984,0
16.02,108.205,-114.93548773204513,0
16.02,108.21,-114.07321027551657,0
16.02,108.215,-126.67344688644691,0
16.02,108.22,-126.47957201252851,0
16.02,108.225,-126.01794934215584,0
16.02,108.23,-124.56041511387166,0
16.02,108.235,-125.18907753357753,0
16.02,108.24,-124.92347266742921,0
16.02,108.245,-124.97124424720575,0
16.02,108.25,-124.5974542328723,0
16.02,108.255,-124.50330219780223,0
16.02,108.26,-124.10893361673634,0
16.02,108.265,-124.7966019270585,0
16.02,108.27,-124.82966844508154,0
16.02,108.275,-120.0,0
16.02,108.28,-120.0,0
16.02,108.285,-120.0,0
16.02,108.29,-120.0,0
16.02,108.295,-114.44198961641791,0
16.02,108.3,-114.3657831455612,0
16.02,108.305,-114.64771113944425,0
16.02,108.31,-114.96235834490201,0
16.02,108.315,-115.11101463305829,0
16.025,108.08,-120.0,0
16.025,108.085,-120.0,0
16.025,108.09,-120.0,0
16.025,108.095,-120.0,0
16.025,108.1,-120.0,0
16.025,108.105,-120.0,0
16.025,108.11,-120.0,0
16.025,108.115,-120.0,0
16.025,108.12,-115.07154498257981,0
16.025,108.125,-115.05786910341985,0
16.025,108.13,-115.79143389241082,0
16.025,108.135,-115.76386998999367,0
16.025,108.14,-114.69895678962308,0
16.025,108.145,-120.0,0
16.025,108.15,-112.39520281497757,0
16.025,108.155,-112.6179871594806,0
16.025,108.16,-112.35412610865335,0
16.025,108.165,-111.2931826983011,0
16.025,108.17,-111.65402804492321,0
16.025,108.175,-111.83629708363527,0
16.025,108.18,-111.91842477552485,0
16.025,108.185,-116.42042182119535,0
16.025,108.19,-114.61015224668822,0
16.025,108.195,-115.09100800134397,0
16.025,108.2,-115.66406244236065,0
16.025,108.205,-110.64280086075014,0
16.025,108.21,-114.12471617199593,0
16.025,108.215,-125.79490354090345,0
16.025,108.22,-125.72942999398258,0
16.025,108.225,-125.75216628667533,0
16.025,108.23,-124.66845056986867,0
16.025,108.235,-124.9732503256684,0
16.025,108.24,-124.85401178642984,0
16.025,108.245,-124.85295352232298,0
16.025,108.25,-124.99578937728938,0
16.025,108.255,-124.85629872264487,0
16.025,108.26,-124.89066544566545,0
16.025,108.265,-124.83662754154064,0
16.025,108.27,-124.94521110049378,0
16.025,108.275,-125.07836372564638,0
16.025,108.28,-120.0,0
16.025,108.285,-120.0,0
16.025,108.29,-120.0,0
16.025,108.295,-120.0,0
16.025,108.3,-120.0,0
16.025,108.305,-120.0,0
16.025,108.31,-120.0,0
16.025,108.315,-114.56459823868681,0
16.03,108.08,-120.0,0
16.03,108.085,-120.0,0
16.03,108.09,-120.0,0
16.03,108.095,-120.0,0
16.03,108.1,-120.0,0
16.03,108.105,-120.0,0
16.03,108.11,-120.0,0
16.03,108.115,-115.6262658744767,0
16.03,108.12,-115.19273887133208,0
16.03,108.125,-116.57607382974336,0
16.03,108.13,-116.58350683470998,0
16.03,108.135,-114.72153693401442,0
16.03,108.14,-112.3140714988956,0
16.03,108.145,-112.41600140002626,0
16.03,108.15,-112.54322271539034,0
16.03,108.155,-114.85444490771685,0
16.03,108.16,-112.18040409300069,0
16.03,108.165,-111.85336303215799,0
16.03,108.17,-112.02352116417374,0
16.03,108.175,-110.80138197620373,0
16.03,108.18,-111.45409263854023,0
16.03,108.185,-111.6400580194631,0
16.03,108.19,-111.48804935388345,0
16.03,108.195,-116.53026496322944,0
16.03,108.2,-114.30966897836376,0
16.03,108.205,-114.0127305829627,0
16.03,108.21,-126.4162106227106,0
16.03,108.215,-125.81004232609482,0
16.03,108.22,-125.4658745903219,0
16.03,108.225,-124.45782389222774,0
16.03,108.23,-123.07058549050352,0
16.03,108.235,-125.78552169442553,0
16.03,108.24,-125.95579451834706,0
16.03,108.245,-125.08572891118538,0
16.03,108.25,-124.85687317717587,0
16.03,108.255,-124.72065347046119,0
16.03,108.26,-124.90571181716837,0
16.03,108.265,-125.0944980357807,0
16.03,108.27,-125.02873068960028,0
16.03,108.275,-124.90046695333658,0
16.03,108.28,-120.0,0
16.03,108.285,-120.0,0
16.03,108.29,-120.0,0
16.03,108.295,-120.0,0
16.03,108.3,-120.0,0
16.03,108.305,-120.0,0
16.03,108.31,-120.0,0
16.03,108.315,-120.0,0
16.035,108.08,-120.0,0
16.035,108.085,-120.0,0
16.035,108.09,-120.0,0
16.035,108.095,-120.0,0
16.035,108.1,-120.0,0
16.035,108.105,-120.0,0
16.035,108.11,-115.18183834162198,0
16.035,108.115,-115.51930279108127,0
16.035,108.12,-115.496715632796,0
16.035,108.125,-115.57077571135258,0
16.035,108.13,-115.55511792700193,0
16.035,108.135,-120.0,0
16.035,108.14,-120.0,0
16.035,108.145,-112.30752874542361,0
16.035,108.15,-112.91904507758333,0
16.035,108.155,-111.27346638552534,0
16.035,108.16,-111.99503988771778,0
16.035,108.165,-115.52681088111686,0
16.035,108.17,-111.93506741355945,0
16.035,108.175,-115.9641678739216,0
16.035,108.18,-116.48755542600664,0
16.035,108.185,-111.31418158576423,0
16.035,108.19,-111.29590726127141,0
16.035,108.195,-111.02849429062519,0
16.035,108.2,-115.16090741764165,0
16.035,108.205,-124.74291919791018,0
16.035,108.21,-126.34481562881561,0
16.035,108.215,-126.06116727716721,0
16.035,108.22,-125.59111843711838,0
16.035,108.225,-120.02089089442477,0
16.035,108.23,-121.96688642034285,0
16.035,108.235,-125.9716330625895,0
16.035,108.24,-126.10873585478839,0
16.035,108.245,-126.15953869204778,0
16.035,108.25,-124.68529446955867,0
16.035,108.255,-125.07048715294363,0
16.035,108.26,-125.05638395179699,0
16.035,108.265,-124.96221847958809,0
16.035,108.27,-124.99983683707597,0
16.035,108.275,-124.95779046557311,0
16.035,108.28,-124.823900355683,0
16.035,108.285,-120.0,0
16.035,108.29,-120.0,0
16.035,108.295,-120.0,0
16.035,108.3,-120.0,0
16.035,108.305,-120.0,0
16.035,108.31,-120.0,0
16.035,108.315,-120.0,0
16.04,108.08,-120.0,0
16.04,108.085,-120.0,0
16.04,108.09,-120.0,0
16.04,108.095,-120.0,0
16.04,108.1,-120.0,0
16.04,108.105,-120.0,0
16.04,108.11,-114.45613308670232,0
16.04,108.115,-115.36434426065651,0
16.04,108.12,-116.41181142797038,0
16.04,108.125,-115.48511528770574,0
16.04,108.13,-114.2726205323832,0
16.04,108.135,-120.0,0
16.04,108.14,-111.39039503635395,0
16.04,108.145,-112.37428047973381,0
16.04,108.15,-116.46068396078304,0
16.04,108.155,-112.04432585453715,0
16.04,108.16,-115.8890931069683,0
16.04,108.165,-111.77431940449357,0
16.04,108.17,-111.61342127709148,0
16.04,108.175,-111.47677574903695,0
16.04,108.18,-110.7426022243338,0
16.04,108.185,-116.44368336183568,0
16.04,108.19,-116.14691597584407,0
16.04,108.195,-115.0402573163294,0
16.04,108.2,-114.78898563782698,0
16.04,108.205,-124.98367277167281,0
16.04,108.21,-124.33403477199123,0
16.04,108.215,-124.69839626185784,0
16.04,108.22,-123.30628942425093,0
16.04,108.225,-120.60562989321784,0
16.04,108.23,-122.72165997770335,0
16.04,108.235,-125.57792549238194,0
16.04,108.24,-126.2053416232889,0
16.04,108.245,-126.00285258575639,0
16.04,108.25,-125.5551184371183,0
16.04,108.255,-125.13042180283483,0
16.04,108.26,-125.16960850984765,0
16.04,108.265,-125.02244253331212,0
16.04,108.27,-125.02227703455964,0
16.04,108.275,-124.95107923236185,0
16.04,108.28,-124.90540401868665,0
16.04,108.285,-120.0,0
16.04,108.29,-120.0,0
16.04,108.295,-120.0,0
16.04,108.3,-120.0,0
16.04,108.305,-120.0,0
16.04,108.31,-120.0,0
16.04,108.315,-120.0,0
16.045,108.08,-120.0,0
16.045,108.085,-120.0,0
16.045,108.09,-120.0,0
16.045,108.095,-120.0,0
16.045,108.1,-120.0,0
16.045,108.105,-115.05291207775744,0
16.045,108.11,-115.54433846259995,0
16.045,108.115,-116.41939629425559,0
16.045,108.12,-116.5209345063806,0
16.045,108.125,-114.73873663556154,0
16.045,108.13,-120.0,0
16.045,108.135,-111.74143770912214,0
16.045,108.14,-112.20604828038304,0
16.045,108.145,-112.1979464027065,0
16.045,108.15,-111.09922605402201,0
16.045,108.155,-120.0,0
16.045,108.16,-115.26728674066139,0
16.045,108.165,-111.80264163804512,0
16.045,108.17,-115.04903907822832,0
16.045,108.175,-111.62653315050775,0
16.045,108.18,-110.43267163541826,0
16.045,108.185,-110.0966324654731,0
16.045,108.19,-110.59093112089674,0
16.045,108.195,-111.1832263327295,0
16.045,108.2,-125.1779064039409,0
16.045,108.205,-125.14682173382171,0
16.045,108.21,-124.84418495287734,0
16.045,108.215,-115.81540142669103,0
16.045,108.22,-115.72792514970662,0
16.045,108.225,-122.00327958273598,0
16.045,108.23,-122.11586874236868,0
16.045,108.235,-123.86714887280732,0
16.045,108.24,-125.85219205063929,0
16.045,108.245,-125.99960436906075,0
16.045,108.25,-124.76654519746324,0
16.045,108.255,-125.08991811328774,0
16.045,108.26,-124.95896326378937,0
16.045,108.265,-124.8363454637151,0
16.045,108.27,-124.89816170303133,0
16.045,108.275,-124.87838392525354,0
16.045,108.28,-124.8086549875246,0
16.045,108.285,-120.0,0
16.045,108.29,-120.0,0
16.045,108.295,-120.0,0
16.045,108.3,-120.0,0
16.045,108.305,-120.0,0
16.045,108.31,-120.0,0
16.045,108.315,-120.0,0
16.05,108.08,-120.0,0
16.05,108.085,-120.0,0
16.05,108.09,-120.0,0
16.05,108.095,-120.0,0
16.05,108.1,-120.0,0
16.05,108.105,-114.8199531948048,0
16.05,108.11,-116.89917270284595,0
16.05,108.115,-116.98518013451486,0
16.05,108.12,-116.75539827702207,0
16.05,108.125,-120.0,0
16.05,108.13,-120.0,0
16.05,108.135,-111.50296649020548,0
16.05,108.14,-112.47095775091903,0
16.05,108.145,-111.69627841671387,0
16.05,108.15,-111.45967197820511,0
16.05,108.155,-115.35576052634414,0
16.05,108.16,-110.89831392889425,0
16.05,108.165,-111.64909954694538,0
16.05,108.17,-112.10088381010269,0
16.05,108.175,-110.49667296187805,0
16.05,108.18,-114.2872915256297,0
16.05,108.185,-110.29133083687937,0
16.05,108.19,-113.94859772458905,0
16.05,108.195,-125.3776603721948,0
16.05,108.2,-127.20520512820504,0
16.05,108.205,-126.88881257631256,0
16.05,108.21,-126.52727960927953,0
16.05,108.215,-117.35220460887186,0
16.05,108.22,-117.70494649252413,0
16.05,108.225,-123.06998748473738,0
16.05,108.23,-118.72147400063702,0
16.05,108.235,-123.68746231546223,0
16.05,108.24,-126.76215506715485,0
16.05,108.245,-124.6076265553473,0
16.05,108.25,-124.91832717524018,0
16.05,108.255,-124.9382759197324,0
16.05,108.26,-124.91496878483834,0
16.05,108.265,-124.97651579338537,0
16.05,108.27,-124.93757012793971,0
16.05,108.275,-124.84228990815949,0
16.05,108.28,-124.7819883208579,0
16.05,108.285,-120.0,0
16.05,108.29,-120.0,0
16.05,108.295,-120.0,0
16.05,108.3,-120.0,0
16.05,108.305,-120.0,0
16.05,108.31,-120.0,0
16.05,108.315,-120.0,0
16.055,108.08,-120.0,0
16.055,108.085,-120.0,0
16.055,108.09,-120.0,0
16.055,108.095,-120.0,0
16.055,108.1,-120.0,0
16.055,108.105,-115.92672699838582,0
16.055,108.11,-116.22230832216242,0
16.055,108.115,-116.01453196908945,0
16.055,108.12,-114.99134083856644,0
16.055,108.125,-120.0,0
16.055,108.13,-112.2580703113543,0
16.055,108.135,-112.27822837667073,0
16.055,108.14,-114.97402067909542,0
16.055,108.145,-120.0,0
16.055,108.15,-116.07946431452078,0
16.055,108.155,-110.8562875818553,0
16.055,108.16,-110.8244098819623,0
16.055,108.165,-110.98418487226289,0
16.055,108.17,-111.7965415649808,0
16.055,108.175,-110.18924542682026,0
16.055,108.18,-116.24000089625571,0
16.055,108.185,-113.95259459116416,0
16.055,108.19,-110.71803203123211,0
16.055,108.195,-124.81065909810664,0
16.055,108.2,-126.64809948505588,0
16.055,108.205,-126.47225579975579,0
16.055,108.21,-126.04233821733813,0
16.055,108.215,-115.54802337972058,0
16.055,108.22,-100.0,0
16.055,108.225,-117.63117444328597,0
16.055,108.23,-122.15999786324784,0
16.055,108.235,-127.29651709401689,0
16.055,108.24,-127.49789621489599,0
16.055,108.245,-124.5079285918466,0
16.055,108.25,-124.72682109677754,0
16.055,108.255,-124.85037359983006,0
16.055,108.26,-124.94043398630353,0
16.055,108.265,-124.99460858947812,0
16.055,108.27,-124.96291139778094,0
16.055,108.275,-124.82328136115095,0
16.055,108.28,-124.73867879704832,0
16.055,108.285,-111.92192689355097,0
16.055,108.29,-111.96134410798491,0
16.055,108.295,-120.0,0
16.055,108.3,-120.0,0
16.055,108.305,-120.0,0
16.055,108.31,-120.0,0
16.055,108.315,-120.0,0
16.06,108.08,-120.0,0
16.06,108.085,-120.0,0
16.06,108.09,-120.0,0
16.06,108.095,-120.0,0
16.06,108.1,-115.17257916063981,0
16.06,108.105,-115.60233756127013,0
16.06,108.11,-115.98599141665352,0
16.06,108.115,-120.0,0
16.06,108.12,-120.0,0
16.06,108.125,-120.0,0
16.06,108.13,-115.93321911024843,0
16.06,108.135,-116.76284172617139,0
16.06,108.14,-117.31113873790939,0
16.06,108.145,-110.97594876574321,0
16.06,108.15,-116.03041497008523,0
16.06,108.155,-115.5498505508706,0
16.06,108.16,-116.018839532244,0
16.06,108.165,-111.20165208152616,0
16.06,108.17,-110.5672276794335,0
16.06,108.175,-110.33750940650143,0
16.06,108.18,-114.90697758562294,0
16.06,108.185,-114.61930067162703,0
16.06,108.19,-110.10423064478583,0
16.06,108.195,-109.88395802204862,0
16.06,108.2,-126.55468803418793,0
16.06,108.205,-126.66387973137968,0
16.06,108.21,-123.64530111091554,0
16.06,108.215,-116.74864518639839,0
16.06,108.22,-117.19097924571624,0
16.06,108.225,-118.51987492949571,0
16.06,108.23,-106.91872088402123,0
16.06,108.235,-127.26038400488375,0
16.06,108.24,-124.11640966632771,0
16.06,108.245,-124.29562597139022,0
16.06,108.25,-124.72989557785208,0
16.06,108.255,-124.782251499708,0
16.06,108.26,-124.88952739289698,0
16.06,108.265,-124.9744443648139,0
16.06,108.27,-124.92680578117535,0
16.06,108.275,-124.77758416945375,0
16.06,108.28,-111.6945904736436,0
16.06,108.285,-112.03295757636576,0
16.06,108.29,-112.07323213328411,0
16.06,108.295,-120.0,0
16.06,108.3,-120.0,0
16.06,108.305,-120.0,0
16.06,108.31,-120.0,0
16.06,108.315,-110.96269771899041,0
16.065,108.08,-120.0,0
16.065,108.085,-120.0,0
16.065,108.09,-120.0,0
16.065,108.095,-120.0,0
16.065,108.1,-120.0,0
16.065,108.105,-120.0,0
16.065,108.11,-120.0,0
16.065,108.115,-120.0,0
16.065,108.12,-120.0,0
16.065,108.125,-120.0,0
16.065,108.13,-120.0,0
16.065,108.135,-117.19655799062048,0
16.065,108.14,-116.9098218374953,0
16.065,108.145,-117.82104002519964,0
16.065,108.15,-116.5120713417875,0
16.065,108.155,-109.86304132882586,0
16.065,108.16,-106.0,0
16.065,108.165,-110.83815483798803,0
16.065,108.17,-110.59037960660048,0
16.065,108.175,-110.51516986290669,0
16.065,108.18,-109.38163605781668,0
16.065,108.185,-109.83807129621512,0
16.065,108.19,-114.51310980254509,0
16.065,108.195,-109.64787378124541,0
16.065,108.2,-108.66753683973933,0
16.065,108.205,-109.53661335189328,0
16.065,108.21,-109.22549738155892,0
16.065,108.215,-108.29059397701789,0
16.065,108.22,-104.51869025187185,0
16.065,108.225,-102.73329077747286,0
16.065,108.23,-102.42118267659069,0
16.065,108.235,-107.11869892723406,0
16.065,108.24,-124.53469171760966,0
16.065,108.245,-124.4253897341974,0
16.065,108.25,-124.53468922864575,0
16.065,108.255,-124.70888458884109,0
16.065,108.26,-124.68105000796307,0
16.065,108.265,-124.91125877262836,0
16.065,108.27,-109.88173873710834,0
16.065,108.275,-110.92713845832863,0
16.065,108.28,-111.89485698833752,0
16.065,108.285,-111.96424817485675,0
16.065,108.29,-111.97366492002524,0
16.065,108.295,-120.0,0
16.065,108.3,-120.0,0
16.065,108.305,-120.0,0
16.065,108.31,-120.0,0
16.065,108.315,-110.93822702301973,0
16.07,108.08,-120.0,0
16.07,108.085,-120.0,0
16.07,108.09,-120.0,0
16.07,108.095,-120.0,0
16.07,108.1,-120.0,0
16.07,108.105,-120.0,0
16.07,108.11,-120.0,0
16.07,108.115,-120.0,0
16.07,108.12,-120.0,0
16.07,108.125,-120.0,0
16.07,108.13,-120.0,0
16.07,108.135,-120.0,0
16.07,108.14,-111.47254845397784,0
16.07,108.145,-113.0,0
16.07,108.15,-116.51838662912874,0
16.07,108.155,-116.17505658828063,0
16.07,108.16,-109.1409975467515,0
16.07,108.165,-111.28098124384564,0
16.07,108.17,-115.30247012022973,0
16.07,108.175,-109.95350368383001,0
16.07,108.18,-110.04965985722893,0
16.07,108.185,-109.55004635609407,0
16.07,108.19,-115.1334258598415,0
16.07,108.195,-108.73066844931051,0
16.07,108.2,-108.99659065678526,0
16.07,108.205,-108.52799926202292,0
16.07,108.21,-107.34843787135294,0
16.07,108.215,-107.91813027814364,0
16.07,108.22,-100.10747889346246,0
16.07,108.225,-99.0,0
16.07,108.23,-103.19259108779605,0
16.07,108.235,-106.96852975302711,0
16.07,108.24,-107.05997370194927,0
16.07,108.245,-124.33973927239413,0
16.07,108.25,-124.69435223230874,0
16.07,108.255,-124.69734671125974,0
16.07,108.26,-110.06607610748823,0
16.07,108.265,-110.15936337577551,0
16.07,108.27,-109.89176254663214,0
16.07,108.275,-110.86148400167417,0
16.07,108.28,-111.8386023540829,0
16.07,108.285,-111.95854746840948,0
16.07,108.29,-111.95548830535027,0
16.07,108.295,-111.65275373776325,0
16.07,108.3,-120.0,0
16.07,108.305,-120.0,0
16.07,108.31,-120.0,0
16.07,108.315,-110.96388636367907,0
16.075,108.08,-120.0,0
16.075,108.085,-120.0,0
16.075,108.09,-120.0,0
16.075,108.095,-120.0,0
16.075,108.1,-120.0,0
16.075,108.105,-120.0,0
16.075,108.11,-120.0,0
16.075,108.115,-120.0,0
16.075,108.12,-120.0,0
16.075,108.125,-120.0,0
16.075,108.13,-120.0,0
16.075,108.135,-120.0,0
16.075,108.14,-120.0,0
16.075,108.145,-114.01222424714871,0
16.075,108.15,-112.49141034084583,0
16.075,108.155,-105.0,0
16.075,108.16,-116.94312560578808,0
16.075,108.165,-110.35290482779432,0
16.075,108.17,-115.13207539310791,0
16.075,108.175,-114.8912038633749,0
16.075,108.18,-102.0,0
16.075,108.185,-104.91328368579504,0
16.075,108.19,-105.71514068566077,0
16.075,108.195,-107.92323504207931,0
16.075,108.2,-108.51357597180356,0
16.075,108.205,-103.0,0
16.075,108.21,-107.58151621634076,0
16.075,108.215,-96.89954578754578,0
16.075,108.22,-94.40761711579016,0
16.075,108.225,-98.48450859397008,0
16.075,108.23,-99.76769074366725,0
16.075,108.235,-107.49935970158151,0
16.075,108.24,-107.47258229459136,0
16.075,108.245,-108.8243895573026,0
16.075,108.25,-109.12396617512921,0
16.075,108.255,-111.04286287034449,0
16.075,108.26,-109.96844790236005,0
16.075,108.265,-110.09655385196601,0
16.075,108.27,-109.82651346238303,0
16.075,108.275,-110.97163528416357,0
16.075,108.28,-111.49194025328975,0
16.075,108.285,-111.95784348738547,0
16.075,108.29,-111.84789462189896,0
16.075,108.295,-111.55039604977063,0
16.075,108.3,-120.0,0
16.075,108.305,-120.0,0
16.075,108.31,-120.0,0
16.075,108.315,-110.91124961154229,0
16.08,108.08,-120.0,0
16.08,108.085,-120.0,0
16.08,108.09,-120.0,0
16.08,108.095,-120.0,0
16.08,108.1,-120.0,0
16.08,108.105,-120.0,0
16.08,108.11,-120.0,0
16.08,108.115,-120.0,0
16.08,108.12,-120.0,0
16.08,108.125,-120.0,0
16.08,108.13,-120.0,0
16.08,108.135,-120.0,0
16.08,108.14,-114.54416165808594,0
16.08,108.145,-111.16468352659737,0
16.08,108.15,-116.90018337051937,0
16.08,108.155,-115.65140683939293,0
16.08,108.16,-120.0,0
16.08,108.165,-114.36660647092164,0
16.08,108.17,-120.0,0
16.08,108.175,-104.9802456772704,0
16.08,108.18,-101.39896641571308,0
16.08,108.185,-105.66334709820362,0
16.08,108.19,-106.02120328602788,0
16.08,108.195,-107.97307236847016,0
16.08,108.2,-108.65665950654335,0
16.08,108.205,-107.040993745968,0
16.08,108.21,-107.69307940066163,0
16.08,108.215,-108.44563172984796,0
16.08,108.22,-104.37273601393542,0
16.08,108.225,-108.00421609338143,0
16.08,108.23,-108.24615294538758,0
16.08,108.235,-110.06253510736514,0
16.08,108.24,-110.21740752026768,0
16.08,108.245,-109.38601290713709,0
16.08,108.25,-111.05446850644324,0
16.08,108.255,-111.15260643598133,0
16.08,108.26,-109.7878945180632,0
16.08,108.265,-109.95607616974482,0
16.08,108.27,-110.16254747356692,0
16.08,108.275,-110.97997645326431,0
16.08,108.28,-111.41201797426699,0
16.08,108.285,-111.73265742105811,0
16.08,108.29,-111.72600057848207,0
16.08,108.295,-111.2608037544177,0
16.08,108.3,-120.0,0
16.08,108.305,-120.0,0
16.08,108.31,-120.0,0
16.08,108.315,-110.80515411419337,0
16.085,108.08,-120.0,0
16.085,108.085,-120.0,0
16.085,108.09,-120.0,0
16.085,108.095,-120.0,0
16.085,108.1,-120.0,0
16.085,108.105,-120.0,0
16.085,108.11,-120.0,0
16.085,108.115,-120.0,0
16.085,108.12,-120.0,0
16.085,108.125,-120.0,0
16.085,108.13,-120.0,0
16.085,108.135,-115.54287211189776,0
16.085,108.14,-114.37827418959807,0
16.085,108.145,-113.0,0
16.085,108.15,-111.11658812832697,0
16.085,108.155,-108.95640155036045,0
16.085,108.16,-113.0,0
16.085,108.165,-104.88980239224716,0
16.085,108.17,-104.81638023239236,0
16.085,108.175,-105.8444406117742,0
16.085,108.18,-106.6752406707556,0
16.085,108.185,-108.33232431315459,0
16.085,108.19,-108.11887409245443,0
16.085,108.195,-109.49438644995557,0
16.085,108.2,-109.73111099556216,0
16.085,108.205,-108.3239507060442,0
16.085,108.21,-108.65125174366457,0
16.085,108.215,-107.53526818910488,0
16.085,108.22,-101.0,0
16.085,108.225,-106.49363455567824,0
16.085,108.23,-109.40091985594054,0
16.085,108.235,-110.3821815593009,0
16.085,108.24,-109.88350823613636,0
16.085,108.245,-111.10076156777161,0
16.085,108.25,-111.21520578846474,0
16.085,108.255,-111.33800748446234,0
16.085,108.26,-109.87225799471904,0
16.085,108.265,-109.88401055950965,0
16.085,108.27,-110.1443113143104,0
16.085,108.275,-110.9352577661643,0
16.085,108.28,-111.3131202908968,0
16.085,108.285,-111.69461988224806,0
16.085,108.29,-111.66685635386064,0
16.085,108.295,-111.475660540089,0
16.085,108.3,-111.41260300134817,0
16.085,108.305,-120.0,0
16.085,108.31,-110.84984889859808,0
16.085,108.315,-110.80897099872018,0
16.09,108.08,-120.0,0
16.09,108.085,-120.0,0
16.09,108.09,-120.0,0
16.09,108.095,-114.52385362327614,0
16.09,108.1,-115.83851940345505,0
16.09,108.105,-116.23591474788135,0
16.09,108.11,-116.18472975682556,0
16.09,108.115,-120.0,0
16.09,108.12,-114.40650344875878,0
16.09,108.125,-114.69872395962415,0
16.09,108.13,-114.2860611137047,0
16.09,108.135,-114.48849141520522,0
16.09,108.14,-115.48936063763568,0
16.09,108.145,-115.23342306047317,0
16.09,108.15,-111.1691134291635,0
16.09,108.155,-109.97342090460158,0
16.09,108.16,-103.91486897573905,0
16.09,108.165,-105.84368026538075,0
16.09,108.17,-120.0,0
16.09,108.175,-107.67476511368879,0
16.09,108.18,-108.28643223220321,0
16.09,108.185,-108.47242143287883,0
16.09,108.19,-108.700702246471,0
16.09,108.195,-109.8792121544253,0
16.09,108.2,-107.81290446624158,0
16.09,108.205,-108.11331251279805,0
16.09,108.21,-106.77216137645168,0
16.09,108.215,-110.0,0
16.09,108.22,-102.18052523219123,0
16.09,108.225,-110.78349782171482,0
16.09,108.23,-114.36399480199903,0
16.09,108.235,-107.59611779430107,0
16.09,108.24,-109.89320401282565,0
16.09,108.245,-110.03679409776234,0
16.09,108.25,-111.68075359447258,0
16.09,108.255,-111.24493332027727,0
16.09,108.26,-110.23000567351359,0
16.09,108.265,-109.74947107497015,0
16.09,108.27,-108.38547019928224,0
16.09,108.275,-110.45604011709742,0
16.09,108.28,-111.21383542536095,0
16.09,108.285,-111.7408964968975,0
16.09,108.29,-111.72435089233936,0
16.09,108.295,-114.62521729553863,0
16.09,108.3,-111.4191683931689,0
16.09,108.305,-120.0,0
16.09,108.31,-110.86079095412708,0
16.09,108.315,-110.86126348159961,0
16.095,108.08,-120.0,0
16.095,108.085,-120.0,0
16.095,108.09,-114.62210832570115,0
16.095,108.095,-114.6719900379634,0
16.095,108.1,-114.53204660644798,0
16.095,108.105,-114.83152077929739,0
16.095,108.11,-114.68343167480603,0
16.095,108.115,-116.11767616791037,0
16.095,108.12,-115.34524124762947,0
16.095,108.125,-120.0,0
16.095,108.13,-114.1736935410413,0
16.095,108.135,-113.61422037808023,0
16.095,108.14,-115.11332411107074,0
16.095,108.145,-115.47522990096638,0
16.095,108.15,-111.72253006405269,0
16.095,108.155,-110.81504087841351,0
16.095,108.16,-109.1551645875437,0
16.095,108.165,-120.0,0
16.095,108.17,-108.26192885440828,0
16.095,108.175,-107.54418786813261,0
16.095,108.18,-108.53314921697283,0
16.095,108.185,-107.12898645111903,0
16.095,108.19,-108.80120379620332,0
16.095,108.195,-113.40465595367709,0
16.095,108.2,-113.20294800552537,0
16.095,108.205,-113.0706149400366,0
16.095,108.21,-110.7223414588333,0
16.095,108.215,-109.61146619025978,0
16.095,108.22,-94.0,0
16.095,108.225,-114.34954265300371,0
16.095,108.23,-101.08055445702271,0
16.095,108.235,-108.21356421226945,0
16.095,108.24,-110.35584452397879,0
16.095,108.245,-111.32539032237483,0
16.095,108.25,-111.98548459955548,0
16.095,108.255,-110.23518086236295,0
16.095,108.26,-109.8631015197209,0
16.095,108.265,-108.56732771535428,0
16.095,108.27,-109.16068432809958,0
16.095,108.275,-108.6031688581981,0
16.095,108.28,-110.47323826868488,0
16.095,108.285,-110.57388475247414,0
16.095,108.29,-111.81965521487797,0
16.095,108.295,-111.6437155362479,0
16.095,108.3,-112.82835327529943,0
16.095,108.305,-120.0,0
16.095,108.31,-110.10033359280537,0
16.095,108.315,-110.83905774289386,0
16.1,108.08,-120.0,0
16.1,108.085,-120.0,0
16.1,108.09,-115.27792645452699,0
16.1,108.095,-114.52734216128387,0
16.1,108.1,-114.3811662973252,0
16.1,108.105,-114.45321282410589,0
16.1,108.11,-114.21793402246868,0
16.1,108.115,-114.28478606667746,0
16.1,108.12,-120.0,0
16.1,108.125,-115.08870149560846,0
16.1,108.13,-115.28401590075808,0
16.1,108.135,-116.58053695995707,0
16.1,108.14,-111.06227402153655,0
16.1,108.145,-113.45937272928356,0
16.1,108.15,-111.7390168885157,0
16.1,108.155,-111.58382508585953,0
16.1,108.16,-111.29611615842718,0
16.1,108.165,-120.0,0
16.1,108.17,-108.22284166283093,0
16.1,108.175,-107.93222176154462,0
16.1,108.18,-107.9181239941246,0
16.1,108.185,-107.86588220140418,0
16.1,108.19,-113.26587573301929,0
16.1,108.195,-112.73570704583318,0
16.1,108.2,-112.8023608954928,0
16.1,108.205,-112.63573807410484,0
16.1,108.21,-112.12640748536667,0
16.1,108.215,-100.58595469365741,0
16.1,108.22,-112.09332993229079,0
16.1,108.225,-111.55802457246084,0
16.1,108.23,-105.0,0
16.1,108.235,-109.2807070969387,0
16.1,108.24,-110.40718231649814,0
16.1,108.245,-109.72555545652776,0
16.1,108.25,-110.48742053047182,0
16.1,108.255,-111.16789505669088,0
16.1,108.26,-110.00803897582621,0
16.1,108.265,-109.5603292024776,0
16.1,108.27,-107.71891385237728,0
16.1,108.275,-112.84471650030697,0
16.1,108.28,-109.95800189710864,0
16.1,108.285,-110.35905218039659,0
16.1,108.29,-112.67442084438069,0
16.1,108.295,-110.1346912831345,0
16.1,108.3,-109.84592467121769,0
16.1,108.305,-109.82325634193414,0
16.1,108.31,-109.18396282855703,0
16.1,108.315,-110.55224415903676,0
16.105,108.08,-120.0,0
16.105,108.085,-120.0,0
16.105,108.09,-114.55526225136457,0
16.105,108.095,-114.11951881311136,0
16.105,108.1,-114.43531481515545,0
16.105,108.105,-114.10511051279612,0
16.105,108.11,-114.12663789393609,0
16.105,108.115,-113.81232246785075,0
16.105,108.12,-114.35333202449057,0
16.105,108.125,-113.54045311960635,0
16.105,108.13,-115.87307279842013,0
16.105,108.135,-124.13570085470077,0
16.105,108.14,-114.86881042857381,0
16.105,108.145,-114.23013627035158,0
16.105,108.15,-111.10067077936392,0
16.105,108.155,-112.07606795374154,0
16.105,108.16,-110.91382631925936,0
16.105,108.165,-110.78142175921194,0
16.105,108.17,-108.43482558771834,0
16.105,108.175,-108.54621766330057,0
16.105,108.18,-120.0,0
16.105,108.185,-108.83000915528014,0
16.105,108.19,-112.81775870796342,0
16.105,108.195,-112.6806675798499,0
16.105,108.2,-112.49753196049656,0
16.105,108.205,-112.65132658342446,0
16.105,108.21,-112.4091085564003,0
16.105,108.215,-113.60635053360613,0
16.105,108.22,-111.33643297050867,0
16.105,108.225,-111.43053613809765,0
16.105,108.23,-109.52573446897463,0
16.105,108.235,-110.10754435025653,0
16.105,108.24,-109.1174004278348,0
16.105,108.245,-111.6998566218705,0
16.105,108.25,-111.53747174942362,0
16.105,108.255,-114.0,0
16.105,108.26,-108.95214697273103,0
16.105,108.265,-109.06322629030096,0
16.105,108.27,-108.41678220990194,0
16.105,108.275,-110.11432892454619,0
16.105,108.28,-110.55317259971433,0
16.105,108.285,-112.9266006261477,0
16.105,108.29,-112.63378785695627,0
16.105,108.295,-110.78600541798085,0
16.105,108.3,-111.29891911765455,0
16.105,108.305,-108.33615520198879,0
16.105,108.31,-109.67375585531911,0
16.105,108.315,-120.0,0
16.11,108.08,-120.0,0
16.11,108.085,-120.0,0
16.11,108.09,-114.37740852990815,0
16.11,108.095,-114.09347805242874,0
16.11,108.1,-114.24366433725609,0
16.11,108.105,-114.26477407531029,0
16.11,108.11,-113.8037604858212,0
16.11,108.115,-113.75948571400002,0
16.11,108.12,-113.5174633440001,0
16.11,108.125,-113.68488109694695,0
16.11,108.13,-120.0,0
16.11,108.135,-115.5439126611561,0
16.11,108.14,-118.78306814094171,0
16.11,108.145,-120.69062854302355,0
16.11,108.15,-114.7775000535172,0
16.11,108.155,-112.32283118005522,0
16.11,108.16,-111.14230513958428,0
16.11,108.165,-111.10425267401928,0
16.11,108.17,-109.59413375726292,0
16.11,108.175,-108.0864259522692,0
16.11,108.18,-108.59990508698797,0
16.11,108.185,-107.93304617502315,0
16.11,108.19,-112.6560314182561,0
16.11,108.195,-112.60821853377936,0
16.11,108.2,-112.6795792318388,0
16.11,108.205,-112.4221934506153,0
16.11,108.21,-112.99241224790953,0
16.11,108.215,-113.61945879120881,0
16.11,108.22,-113.64816330891333,0
16.11,108.225,-113.65239944360557,0
16.11,108.23,-110.54871556842163,0
16.11,108.235,-109.77897356703738,0
16.11,108.24,-109.98244678556026,0
16.11,108.245,-111.44019251368738,0
16.11,108.25,-108.68702309649801,0
16.11,108.255,-110.21033878431622,0
16.11,108.26,-108.93722453198967,0
16.11,108.265,-110.44085933347698,0
16.11,108.27,-110.72735210763382,0
16.11,108.275,-111.36129273184329,0
16.11,108.28,-120.0,0
16.11,108.285,-120.0,0
16.11,108.29,-120.0,0
16.11,108.295,-110.51555298956447,0
16.11,108.3,-110.6830301823009,0
16.11,108.305,-109.94158665835106,0
16.11,108.31,-110.29568690710997,0
16.11,108.315,-120.0,0
16.115,108.08,-120.0,0
16.115,108.085,-120.0,0
16.115,108.09,-114.21837006888408,0
16.115,108.095,-114.90124063785353,0
16.115,108.1,-114.60600879591112,0
16.115,108.105,-113.81938499603909,0
16.115,108.11,-113.83627424669135,0
16.115,108.115,-113.72643346660563,0
16.115,108.12,-113.85546091887323,0
16.115,108.125,-114.84368210878125,0
16.115,108.13,-114.47597920821532,0
16.115,108.135,-115.48264901500166,0
16.115,108.14,-116.39944040676124,0
16.115,108.145,-116.66969137332308,0
16.115,108.15,-117.020304191514,0
16.115,108.155,-120.2616214883951,0
16.115,108.16,-112.84323658279463,0
16.115,108.165,-110.94650471693,0
16.115,108.17,-111.16577412947072,0
16.115,108.175,-108.51238533901451,0
16.115,108.18,-120.0,0
16.115,108.185,-112.62205788428709,0
16.115,108.19,-112.57785498357967,0
16.115,108.195,-112.72704763224874,0
16.115,108.2,-112.53278031684188,0
16.115,108.205,-112.82602837660028,0
16.115,108.21,-113.60836119477705,0
16.115,108.215,-113.53974225279734,0
16.115,108.22,-113.54983016488522,0
16.115,108.225,-110.79829024716746,0
16.115,108.23,-110.9055603792834,0
16.115,108.235,-110.21444995604034,0
16.115,108.24,-111.60924923388258,0
16.115,108.245,-111.0627488477526,0
16.115,108.25,-110.47511140003103,0
16.115,108.255,-111.3429316425999,0
16.115,108.26,-110.5563511756058,0
16.115,108.265,-111.03815370567867,0
16.115,108.27,-110.90052431714197,0
16.115,108.275,-111.07289484623747,0
16.115,108.28,-120.0,0
16.115,108.285,-120.0,0
16.115,108.29,-120.0,0
16.115,108.295,-111.40328122214365,0
16.115,108.3,-111.62923689437542,0
16.115,108.305,-111.73157159898703,0
16.115,108.31,-120.0,0
16.115,108.315,-120.0,0
16.12,108.08,-120.0,0
16.12,108.085,-120.0,0
16.12,108.09,-114.30535926026758,0
16.12,108.095,-114.52415443861983,0
16.12,108.1,-114.67993436888997,0
16.12,108.105,-113.79421178622096,0
16.12,108.11,-114.59111291597586,0
16.12,108.115,-114.24525571907141,0
16.12,108.12,-113.89431545630124,0
16.12,108.125,-113.69383189039273,0
16.12,108.13,-114.06136590067277,0
16.12,108.135,-114.03118132021308,0
16.12,108.14,-116.48428576836287,0
16.12,108.145,-116.64235838226132,0
16.12,108.15,-116.661260318603,0
16.12,108.155,-116.8134894200257,0
16.12,108.16,-117.1710451193883,0
16.12,108.165,-111.96602598253833,0
16.12,108.17,-110.78934677653277,0
16.12,108.175,-111.1648718825948,0
16.12,108.18,-108.10506962205172,0
16.12,108.185,-112.72788270198151,0
16.12,108.19,-112.72089192804953,0
16.12,108.195,-112.51369624264743,0
16.12,108.2,-113.18987478986156,0
16.12,108.205,-113.58400172091757,0
16.12,108.21,-113.52866480367639,0
16.12,108.215,-114.12236281395185,0
16.12,108.22,-112.87827014168992,0
16.12,108.225,-110.21620595082295,0
16.12,108.23,-110.3864686487384,0
16.12,108.235,-111.062120081498,0
16.12,108.24,-111.63385890015645,0
16.12,108.245,-110.6534407396365,0
16.12,108.25,-110.73736157894096,0
16.12,108.255,-111.63070846903621,0
16.12,108.26,-111.68814052929866,0
16.12,108.265,-111.37463333610785,0
16.12,108.27,-111.10956794997973,0
16.12,108.275,-120.0,0
16.12,108.28,-120.0,0
16.12,108.285,-120.0,0
16.12,108.29,-120.0,0
16.12,108.295,-111.47270755407017,0
16.12,108.3,-111.53600659771827,0
16.12,108.305,-111.95451344884525,0
16.12,108.31,-120.0,0
16.12,108.315,-120.0,0
